sars1_spike_pos,domain,coverage,s1_entropy,s2_hse_up,s3_neg_ace2_dist,s4_hostshift
1,S1other,1.0,-0.0,,,0.0
2,S1other,0.946,0.9018169247973322,,,1.0
3,S1other,0.935,0.7015867328522895,,,0.0
4,S1other,0.914,1.061928311610832,,,1.0
5,S1other,0.871,0.9258088285009614,,,1.0
6,S1other,1.0,0.92478946446157,,,1.0
7,S1other,0.548,0.493531985308436,,,1.0
8,S1other,0.849,0.8327811603049495,,,1.0
9,S1other,0.849,1.319168932631687,,,1.0
10,S1other,0.914,0.8058778745561698,,,0.0
11,S1other,1.0,1.4897461312361997,,,1.0
12,S1other,1.0,1.1997723030823333,,,1.0
13,S1other,0.946,1.4999513074147757,,,1.0
14,NTD,1.0,1.4929731794493057,,,1.0
15,NTD,1.0,1.0455624120361837,,,1.0
16,NTD,0.978,1.216130798550918,,,1.0
17,NTD,1.0,0.9467994230836665,,,1.0
18,NTD,0.763,1.3255781166399139,,,1.0
19,NTD,1.0,-0.0,,,0.0
20,NTD,0.935,1.034590581249572,,,1.0
21,NTD,0.946,1.459724047086345,,,1.0
22,NTD,1.0,0.8895374520155425,,,1.0
23,NTD,1.0,1.11112894032958,,,1.0
24,NTD,1.0,1.431276878407026,,,1.0
25,NTD,1.0,1.2322366057091523,,,1.0
26,NTD,1.0,1.210975186583795,,,1.0
27,NTD,1.0,1.1549071665455433,,,1.0
28,NTD,1.0,0.510230686003111,,,0.0
29,NTD,1.0,1.3288853364020035,,,1.0
30,NTD,1.0,1.5154919633321098,,,1.0
31,NTD,1.0,1.408179420786898,,,1.0
32,NTD,1.0,0.7041763471047369,,,0.0
33,NTD,1.0,1.4353141377846186,12.0,,1.0
34,NTD,1.0,1.0455624120361837,14.0,,1.0
35,NTD,1.0,-0.0,6.0,,0.0
36,NTD,1.0,0.3501437594989363,21.0,,0.0
37,NTD,1.0,1.296007995553526,9.0,,1.0
38,NTD,1.0,0.05943229865313004,15.0,,0.0
39,NTD,1.0,-0.0,24.0,,0.0
40,NTD,1.0,0.05943229865313004,15.0,,0.0
41,NTD,1.0,-0.0,20.0,,0.0
42,NTD,1.0,-0.0,21.0,,0.0
43,NTD,1.0,0.6985755939821023,14.0,,1.0
44,NTD,1.0,-0.0,12.0,,0.0
45,NTD,1.0,0.7806043548788275,14.0,,1.0
46,NTD,1.0,-0.0,14.0,,0.0
47,NTD,1.0,0.1425058673927378,22.0,,0.0
48,NTD,1.0,-0.0,18.0,,0.0
49,NTD,1.0,-0.0,10.0,,0.0
50,NTD,1.0,0.42155401434412026,4.0,,0.0
51,NTD,1.0,0.8338261765892917,13.0,,1.0
52,NTD,1.0,0.3269967292825875,12.0,,0.0
53,NTD,1.0,0.9266934579256931,19.0,,1.0
54,NTD,1.0,-0.0,10.0,,0.0
55,NTD,1.0,0.5418168991810601,18.0,,0.0
56,NTD,1.0,0.3416080095170719,1.0,,0.0
57,NTD,1.0,0.2932350938509379,4.0,,0.0
58,NTD,1.0,1.1258393938265208,21.0,,1.0
59,NTD,1.0,-0.0,14.0,,0.0
60,NTD,1.0,-0.0,20.0,,0.0
61,NTD,1.0,0.20945079168817338,16.0,,0.0
62,NTD,1.0,-0.0,18.0,,0.0
63,NTD,1.0,1.2460487840234804,7.0,,1.0
64,NTD,1.0,0.38454291975622856,15.0,,0.0
65,NTD,1.0,0.20945079168817338,3.0,,0.0
66,NTD,1.0,0.6622459795637742,24.0,,1.0
67,NTD,1.0,0.1630385824990221,6.0,,0.0
68,NTD,1.0,1.2092202004374206,20.0,,1.0
69,NTD,1.0,0.7366871111017326,15.0,,1.0
70,NTD,1.0,1.4353732053211867,10.0,,1.0
71,NTD,1.0,0.6833451965637944,6.0,,1.0
72,NTD,1.0,1.2268191486950932,,,1.0
73,NTD,1.0,0.5784705655923909,,,0.0
74,NTD,0.989,1.699250995432393,,,1.0
75,NTD,1.0,1.2905275010401793,,,1.0
76,NTD,1.0,0.5016949360212466,,,0.0
77,NTD,1.0,0.8296916100034697,16.0,,1.0
78,NTD,1.0,0.20945079168817338,3.0,,0.0
79,NTD,1.0,0.1630385824990221,13.0,,0.0
80,NTD,1.0,0.9514921562198981,1.0,,1.0
81,NTD,1.0,0.7300896804212831,4.0,,1.0
82,NTD,1.0,0.8520921968964186,20.0,,1.0
83,NTD,1.0,-0.0,3.0,,0.0
84,NTD,1.0,1.0351532987423382,20.0,,1.0
85,NTD,1.0,0.20945079168817338,7.0,,0.0
86,NTD,1.0,-0.0,12.0,,0.0
87,NTD,1.0,0.667431707658747,20.0,,1.0
88,NTD,1.0,-0.0,19.0,,0.0
89,NTD,1.0,0.05943229865313004,20.0,,0.0
90,NTD,1.0,0.26828555890466155,25.0,,0.0
91,NTD,1.0,0.26828555890466155,18.0,,0.0
92,NTD,1.0,0.26828555890466155,19.0,,0.0
93,NTD,1.0,0.20945079168817338,10.0,,0.0
94,NTD,1.0,0.2456342146456603,5.0,,0.0
95,NTD,1.0,-0.0,0.0,,0.0
96,NTD,1.0,-0.0,13.0,,0.0
97,NTD,1.0,0.1773971883076644,8.0,,0.0
98,NTD,1.0,0.7165661123070318,19.0,,1.0
99,NTD,1.0,-0.0,15.0,,0.0
100,NTD,1.0,-0.0,12.0,,0.0
101,NTD,1.0,-0.0,17.0,,0.0
102,NTD,1.0,0.6622459795637742,19.0,,1.0
103,NTD,1.0,-0.0,20.0,,0.0
104,NTD,1.0,-0.0,20.0,,0.0
105,NTD,1.0,0.2670592940006876,9.0,,0.0
106,NTD,1.0,0.3634830815785158,6.0,,0.0
107,NTD,1.0,0.9042861491400763,8.0,,1.0
108,NTD,1.0,0.6884572217893625,0.0,,1.0
109,NTD,1.0,0.10384132697956511,4.0,,0.0
110,NTD,1.0,0.8546724156850021,6.0,,1.0
111,NTD,1.0,0.6622459795637742,18.0,,1.0
112,NTD,1.0,-0.0,16.0,,0.0
113,NTD,1.0,-0.0,22.0,,0.0
114,NTD,1.0,0.7749158394476865,17.0,,1.0
115,NTD,1.0,0.7113365088233761,14.0,,0.0
116,NTD,1.0,0.23921709381651282,12.0,,0.0
117,NTD,1.0,1.0634345913420948,14.0,,1.0
118,NTD,1.0,-0.0,9.0,,0.0
119,NTD,1.0,-0.0,10.0,,0.0
120,NTD,1.0,0.3416080095170719,0.0,,0.0
121,NTD,1.0,0.20945079168817338,0.0,,0.0
122,NTD,1.0,0.8354461138161564,3.0,,1.0
123,NTD,1.0,0.9399027242916753,9.0,,1.0
124,NTD,1.0,0.960637672477956,8.0,,1.0
125,NTD,1.0,0.20945079168817338,13.0,,0.0
126,NTD,1.0,0.5102306860031111,15.0,,0.0
127,NTD,1.0,0.6884572217893625,13.0,,1.0
128,NTD,1.0,-0.0,9.0,,0.0
129,NTD,1.0,0.45911092284604993,16.0,,0.0
130,NTD,1.0,-0.0,11.0,,0.0
131,NTD,1.0,1.0807313173069442,10.0,,1.0
132,NTD,1.0,0.3516947250212449,,,0.0
133,NTD,1.0,-0.0,,,0.0
134,NTD,1.0,0.9342566249548938,,,1.0
135,NTD,1.0,0.9809464222507428,,,1.0
136,NTD,1.0,-0.0,,,0.0
137,NTD,1.0,1.019399115930194,,,1.0
138,NTD,1.0,0.7078090801565661,,,1.0
139,NTD,1.0,1.2116358269137946,,,1.0
140,NTD,1.0,0.3691986704936277,,,0.0
141,NTD,1.0,0.7449299059545407,,,0.0
142,NTD,1.0,1.3795602132880163,,,1.0
143,NTD,0.559,0.4607316768343282,,,1.0
144,NTD,0.548,0.6627721689513021,,,1.0
145,NTD,0.978,0.6222345159779037,,,0.0
146,NTD,1.0,0.840532642885736,,,0.0
147,NTD,1.0,0.6122285103513939,,,0.0
148,NTD,1.0,1.4750272686578967,,,1.0
149,NTD,1.0,1.5045275281117751,5.0,,1.0
150,NTD,1.0,0.9407573858509156,0.0,,1.0
151,NTD,1.0,1.245014644216575,11.0,,1.0
152,NTD,1.0,0.7840856288078561,16.0,,1.0
153,NTD,1.0,0.6833451965637944,2.0,,1.0
154,NTD,1.0,1.3240685675157307,10.0,,1.0
155,NTD,1.0,0.8655418724906225,10.0,,1.0
156,NTD,1.0,0.41422971479574383,9.0,,0.0
157,NTD,1.0,0.6046442767477641,9.0,,0.0
158,NTD,1.0,-0.0,8.0,,0.0
159,NTD,1.0,-0.0,13.0,,0.0
160,NTD,1.0,-0.0,7.0,,0.0
161,NTD,1.0,0.6763457376974649,14.0,,1.0
162,NTD,1.0,0.8836310669215608,10.0,,1.0
163,NTD,1.0,0.997286736244543,6.0,,1.0
164,NTD,1.0,1.0102293134075584,11.0,,1.0
165,NTD,0.946,0.996148875773902,5.0,,1.0
166,NTD,1.0,1.2765154386376523,10.0,,1.0
167,NTD,1.0,0.9865913335631284,10.0,,1.0
168,NTD,1.0,0.20945079168817338,,,0.0
169,NTD,1.0,1.2178427492179364,,,1.0
170,NTD,1.0,0.11874771795934891,,,0.0
171,NTD,1.0,0.3416080095170719,,,0.0
172,NTD,1.0,1.1888208104451814,,,1.0
173,NTD,1.0,1.3543223441993169,,,1.0
174,NTD,1.0,0.9542378526876504,,,1.0
175,NTD,0.957,0.7708666891617734,,,0.0
176,NTD,0.946,1.2788798458466566,,,1.0
177,NTD,1.0,0.1425058673927378,,,0.0
178,NTD,1.0,0.3706764746052206,,,0.0
179,NTD,1.0,-0.0,,,0.0
180,NTD,1.0,0.6318661230517431,10.0,,0.0
181,NTD,1.0,0.852978612240114,8.0,,1.0
182,NTD,1.0,0.05943229865313004,20.0,,0.0
183,NTD,1.0,-0.0,15.0,,0.0
184,NTD,1.0,-0.0,19.0,,0.0
185,NTD,1.0,0.6035930316765025,15.0,,1.0
186,NTD,1.0,0.20158364614073146,21.0,,0.0
187,NTD,1.0,-0.0,17.0,,0.0
188,NTD,1.0,0.3634830815785158,19.0,,0.0
189,NTD,1.0,0.10384132697956511,17.0,,0.0
190,NTD,1.0,0.9957398044729793,8.0,,1.0
191,NTD,1.0,0.1630385824990221,7.0,,0.0
192,NTD,1.0,-0.0,15.0,,0.0
193,NTD,1.0,0.10384132697956511,8.0,,0.0
194,NTD,1.0,0.3179367802622418,17.0,,0.0
195,NTD,1.0,1.4244846726718936,17.0,,1.0
196,NTD,1.0,0.4853784769869054,7.0,,0.0
197,NTD,1.0,-0.0,22.0,,0.0
198,NTD,1.0,1.483596597270638,7.0,,1.0
199,NTD,1.0,1.2366726893372268,16.0,,1.0
200,NTD,1.0,0.1425058673927378,11.0,,0.0
201,NTD,1.0,0.9766529950550502,18.0,,1.0
202,NTD,1.0,0.5632674522070741,0.0,,0.0
203,NTD,1.0,0.8197384335707998,20.0,,1.0
204,NTD,1.0,0.9000196495680988,5.0,,1.0
205,NTD,1.0,1.1818264267217322,17.0,,1.0
206,NTD,1.0,1.3644042515461199,0.0,,1.0
207,NTD,1.0,0.6444804747124816,9.0,,0.0
208,NTD,1.0,0.6903118023335733,9.0,,1.0
209,NTD,1.0,0.3184609793007231,8.0,,0.0
210,NTD,1.0,-0.0,22.0,,0.0
211,NTD,1.0,1.3228774171337616,11.0,,1.0
212,NTD,1.0,0.20945079168817338,22.0,,0.0
213,NTD,1.0,0.3179367802622418,2.0,,0.0
214,NTD,1.0,0.8496043887142808,10.0,,1.0
215,NTD,1.0,1.2409485425730862,9.0,,1.0
216,NTD,1.0,-0.0,24.0,,0.0
217,NTD,1.0,0.4853784769869054,9.0,,0.0
218,NTD,1.0,-0.0,20.0,,0.0
219,NTD,1.0,0.44267984993252596,7.0,,0.0
220,NTD,1.0,1.0517906696145907,11.0,,1.0
221,NTD,1.0,0.2456342146456603,11.0,,0.0
222,NTD,1.0,0.10384132697956511,10.0,,0.0
223,NTD,1.0,-0.0,10.0,,0.0
224,NTD,1.0,0.8874834878215923,12.0,,1.0
225,NTD,1.0,0.1425058673927378,14.0,,0.0
226,NTD,1.0,0.3179367802622418,22.0,,0.0
227,NTD,1.0,0.1425058673927378,19.0,,0.0
228,NTD,1.0,0.10384132697956511,12.0,,0.0
229,NTD,1.0,-0.0,27.0,,0.0
230,NTD,1.0,0.9253734794974614,5.0,,1.0
231,NTD,1.0,0.7423852114831757,14.0,,0.0
232,NTD,1.0,0.4045729079821752,11.0,,0.0
233,NTD,1.0,0.972282654843705,12.0,,1.0
234,NTD,1.0,1.0431322678704587,18.0,,1.0
235,NTD,1.0,0.8354461138161564,13.0,,1.0
236,NTD,1.0,0.7242257578350397,12.0,,0.0
237,NTD,1.0,1.0385156039474497,6.0,,1.0
238,NTD,1.0,0.4520286196434457,9.0,,0.0
239,NTD,1.0,0.8301115835069639,,,0.0
240,NTD,1.0,1.4647638543834878,,,1.0
241,NTD,1.0,1.3282398136354936,,,1.0
242,NTD,1.0,1.1454477555474738,,,1.0
243,NTD,0.946,1.130207434319229,,,1.0
244,NTD,0.946,1.400502344495262,,,1.0
245,NTD,0.946,0.9529771916222054,,,1.0
246,NTD,0.946,1.0979167842932904,,,1.0
247,NTD,1.0,1.0193877566593303,,,1.0
248,NTD,1.0,1.0225530247334822,,,1.0
249,NTD,1.0,1.1690129379626375,18.0,,1.0
250,NTD,1.0,0.20158364614073146,9.0,,0.0
251,NTD,1.0,0.10384132697956511,14.0,,0.0
252,NTD,1.0,-0.0,18.0,,0.0
253,NTD,1.0,0.8092287638821194,22.0,,1.0
254,NTD,1.0,0.11874771795934891,14.0,,0.0
255,NTD,1.0,-0.0,26.0,,0.0
256,NTD,1.0,0.7110731227377526,8.0,,1.0
257,NTD,1.0,-0.0,20.0,,0.0
258,NTD,1.0,-0.0,13.0,,0.0
259,NTD,1.0,0.9815650440147818,4.0,,1.0
260,NTD,1.0,1.0345692299292673,17.0,,1.0
261,NTD,1.0,-0.0,10.0,,0.0
262,NTD,1.0,0.23921709381651282,22.0,,0.0
263,NTD,1.0,0.05943229865313004,17.0,,0.0
264,NTD,1.0,0.11874771795934891,21.0,,0.0
265,NTD,1.0,1.2228433664964444,13.0,,0.0
266,NTD,1.0,0.6763457376974649,14.0,,1.0
267,NTD,1.0,0.6800829048357611,6.0,,1.0
268,NTD,1.0,0.5868350787496268,1.0,,0.0
269,NTD,1.0,-0.0,1.0,,0.0
270,NTD,1.0,-0.0,13.0,,0.0
271,NTD,1.0,-0.0,7.0,,0.0
272,NTD,1.0,0.20945079168817338,17.0,,0.0
273,NTD,1.0,0.7515906837616457,9.0,,0.0
274,NTD,1.0,0.3634830815785158,10.0,,0.0
275,NTD,1.0,-0.0,26.0,,0.0
276,NTD,1.0,0.44180334801001603,19.0,,0.0
277,NTD,1.0,-0.0,21.0,,0.0
278,NTD,1.0,-0.0,19.0,,0.0
279,NTD,1.0,0.38454291975622856,12.0,,0.0
280,NTD,1.0,0.10384132697956511,12.0,,0.0
281,NTD,1.0,0.5484327346668094,13.0,,0.0
282,NTD,1.0,-0.0,20.0,,0.0
283,NTD,1.0,-0.0,16.0,,0.0
284,NTD,1.0,0.34131324178704003,16.0,,0.0
285,NTD,1.0,-0.0,19.0,,0.0
286,NTD,1.0,0.10384132697956511,23.0,,0.0
287,NTD,1.0,-0.0,20.0,,0.0
288,NTD,1.0,-0.0,19.0,,0.0
289,NTD,1.0,0.6884572217893625,15.0,,1.0
290,NTD,1.0,1.1384935300400105,11.0,,1.0
291,NTD,1.0,-0.0,5.0,,0.0
292,NTD,1.0,0.829018500424083,6.0,,1.0
293,NTD,1.0,0.20720997026723195,8.0,,0.0
294,NTD,1.0,0.985794664882498,1.0,,1.0
295,NTD,1.0,0.6861357501305587,23.0,,1.0
296,NTD,1.0,1.0776859022541687,4.0,,0.0
297,NTD,1.0,-0.0,18.0,,0.0
298,NTD,1.0,-0.0,5.0,,0.0
299,NTD,1.0,-0.0,20.0,,0.0
300,NTD,1.0,-0.0,19.0,,0.0
301,NTD,1.0,-0.0,18.0,,0.0
302,NTD,1.0,-0.0,15.0,,0.0
303,NTD,1.0,-0.0,11.0,,0.0
304,NTD,1.0,-0.0,17.0,,0.0
305,NTD,1.0,-0.0,22.0,,0.0
306,S1other,1.0,-0.0,13.0,,0.0
307,S1other,1.0,-0.0,23.0,,0.0
308,S1other,1.0,1.322099193155999,9.0,,1.0
309,S1other,1.0,-0.0,15.0,,0.0
310,S1other,1.0,0.8876285012546441,13.0,,1.0
311,S1other,1.0,1.6336782281763231,13.0,,1.0
312,S1other,1.0,0.7820230346663457,6.0,,1.0
313,S1other,1.0,0.05943229865313004,20.0,,0.0
314,S1other,1.0,0.5785328437149682,9.0,,0.0
315,S1other,1.0,-0.0,18.0,,0.0
316,S1other,1.0,-0.0,15.0,,0.0
317,S1other,1.0,-0.0,20.0,,0.0
318,RBD,1.0,-0.0,4.0,,0.0
319,RBD,1.0,-0.0,12.0,,0.0
320,RBD,1.0,-0.0,8.0,,0.0
321,RBD,1.0,0.05943229865313004,7.0,,0.0
322,RBD,1.0,0.792835077466596,4.0,,1.0
323,RBD,1.0,-0.0,19.0,-36.060482025146484,0.0
324,RBD,1.0,-0.0,9.0,-34.97937774658203,0.0
325,RBD,1.0,-0.0,13.0,-31.360815048217773,0.0
326,RBD,1.0,0.8251983552057643,5.0,-30.32659912109375,1.0
327,RBD,1.0,0.99316735270866,7.0,-31.859737396240234,1.0
328,RBD,1.0,0.10384132697956511,18.0,-29.331541061401367,0.0
329,RBD,1.0,-0.0,14.0,-26.09659767150879,0.0
330,RBD,1.0,-0.0,3.0,-26.141775131225586,0.0
331,RBD,1.0,0.11874771795934891,13.0,-27.140419006347656,0.0
332,RBD,1.0,0.45911092284604993,0.0,-25.789377212524414,0.0
333,RBD,1.0,1.0251964727208243,6.0,-24.2095947265625,1.0
334,RBD,1.0,-0.0,25.0,-22.262216567993164,0.0
335,RBD,1.0,-0.0,8.0,-20.842609405517578,0.0
336,RBD,1.0,0.47560636723156957,15.0,-17.23029327392578,0.0
337,RBD,1.0,-0.0,25.0,-16.89605140686035,0.0
338,RBD,1.0,-0.0,16.0,-16.893505096435547,0.0
339,RBD,1.0,-0.0,12.0,-19.96881103515625,0.0
340,RBD,1.0,-0.0,22.0,-21.69529151916504,0.0
341,RBD,1.0,-0.0,10.0,-25.357120513916016,0.0
342,RBD,1.0,-0.0,16.0,-28.43804168701172,0.0
343,RBD,1.0,0.8752051307912864,13.0,-31.60831642150879,1.0
344,RBD,1.0,0.4913274484505221,10.0,-34.96469497680664,0.0
345,RBD,1.0,-0.0,20.0,-37.28531265258789,0.0
346,RBD,1.0,0.05943229865313004,9.0,-40.79905319213867,0.0
347,RBD,1.0,0.7649070668798472,0.0,-43.540523529052734,1.0
348,RBD,1.0,-0.0,14.0,-41.018272399902344,0.0
349,RBD,1.0,0.10384132697956511,11.0,-40.36126708984375,0.0
350,RBD,1.0,-0.0,20.0,-36.786834716796875,0.0
351,RBD,1.0,-0.0,10.0,-35.466407775878906,0.0
352,RBD,1.0,-0.0,14.0,-31.862037658691406,0.0
353,RBD,1.0,0.6861357501305587,5.0,-30.687543869018555,1.0
354,RBD,1.0,0.1630385824990221,6.0,-29.2357120513916,0.0
355,RBD,1.0,0.42364053659940304,19.0,-26.155466079711914,0.0
356,RBD,1.0,-0.0,10.0,-26.946022033691406,0.0
357,RBD,1.0,-0.0,3.0,-25.59132957458496,0.0
358,RBD,1.0,-0.0,13.0,-22.141550064086914,0.0
359,RBD,1.0,0.05943229865313004,2.0,-18.484148025512695,0.0
360,RBD,1.0,0.7215631870716611,7.0,-18.09396743774414,1.0
361,RBD,1.0,-0.0,15.0,-18.0257511138916,0.0
362,RBD,1.0,-0.0,11.0,-15.736845016479492,0.0
363,RBD,1.0,-0.0,16.0,-18.55906105041504,0.0
364,RBD,1.0,-0.0,11.0,-22.079544067382812,0.0
365,RBD,1.0,0.3995153081467053,14.0,-23.890560150146484,0.0
366,RBD,1.0,-0.0,16.0,-27.471158981323242,0.0
367,RBD,1.0,-0.0,19.0,-27.894697189331055,0.0
368,RBD,1.0,-0.0,16.0,-31.69407081604004,0.0
369,RBD,1.0,-0.0,17.0,-33.393287658691406,0.0
370,RBD,1.0,-0.0,12.0,-31.760204315185547,0.0
371,RBD,1.0,0.6884572217893625,15.0,-34.59722137451172,1.0
372,RBD,1.0,0.7392708694562964,9.0,-36.103515625,1.0
373,RBD,1.0,-0.0,12.0,-39.52196502685547,0.0
374,RBD,1.0,-0.0,17.0,-40.230812072753906,0.0
375,RBD,1.0,0.6861357501305587,10.0,,1.0
376,RBD,1.0,-0.0,13.0,,0.0
377,RBD,1.0,-0.0,16.0,,0.0
378,RBD,1.0,-0.0,23.0,,0.0
379,RBD,1.0,-0.0,19.0,,0.0
380,RBD,1.0,0.6861357501305587,11.0,,1.0
381,RBD,1.0,0.6884572217893625,9.0,-40.8850212097168,1.0
382,RBD,1.0,-0.0,21.0,-36.19002151489258,0.0
383,RBD,1.0,-0.0,13.0,-32.62693786621094,0.0
384,RBD,1.0,-0.0,15.0,-29.905685424804688,0.0
385,RBD,1.0,-0.0,19.0,-26.348922729492188,0.0
386,RBD,1.0,0.7392708694562964,11.0,-24.132457733154297,1.0
387,RBD,1.0,-0.0,20.0,-20.543624877929688,0.0
388,RBD,1.0,0.6861357501305587,17.0,-17.026269912719727,1.0
389,RBD,1.0,0.6861357501305587,19.0,-14.084794044494629,1.0
390,RBD,1.0,0.6861357501305587,15.0,-10.494990348815918,1.0
391,RBD,1.0,0.9852597926850776,13.0,-10.761287689208984,1.0
392,RBD,1.0,0.6861357501305587,8.0,-10.492173194885254,1.0
393,RBD,1.0,0.6861357501305587,19.0,-13.106260299682617,1.0
394,RBD,1.0,-0.0,22.0,-15.877815246582031,0.0
395,RBD,1.0,-0.0,3.0,-15.02515983581543,0.0
396,RBD,1.0,-0.0,15.0,-16.400787353515625,0.0
397,RBD,1.0,0.6833451965637944,25.0,-19.919462203979492,1.0
398,RBD,1.0,-0.0,12.0,-21.269617080688477,0.0
399,RBD,1.0,-0.0,13.0,-23.148582458496094,0.0
400,RBD,1.0,0.05943229865313004,7.0,-21.226299285888672,0.0
401,RBD,1.0,0.620555445791678,14.0,-17.68057632446289,1.0
402,RBD,1.0,-0.0,5.0,-15.031487464904785,0.0
403,RBD,1.0,-0.0,19.0,-13.077064514160156,0.0
404,RBD,1.0,-0.0,7.0,-11.19541072845459,0.0
405,RBD,1.0,-0.0,18.0,-14.127107620239258,0.0
406,RBD,1.0,-0.0,15.0,-16.68514633178711,0.0
407,RBD,1.0,-0.0,9.0,-14.969480514526367,0.0
408,RBD,1.0,-0.0,13.0,-14.686565399169922,0.0
409,RBD,1.0,-0.0,22.0,-16.765705108642578,0.0
410,RBD,1.0,-0.0,20.0,-19.581846237182617,0.0
411,RBD,1.0,0.10384132697956511,15.0,-20.966087341308594,0.0
412,RBD,1.0,-0.0,20.0,-24.208545684814453,0.0
413,RBD,1.0,-0.0,14.0,-26.5299129486084,0.0
414,RBD,1.0,-0.0,2.0,-26.73999786376953,0.0
415,RBD,1.0,0.05943229865313004,4.0,-29.899253845214844,0.0
416,RBD,1.0,-0.0,10.0,-31.790428161621094,0.0
417,RBD,1.0,0.9323024759571771,19.0,-30.239334106445312,1.0
418,RBD,1.0,-0.0,14.0,-30.68444061279297,0.0
419,RBD,1.0,-0.0,15.0,-28.31711196899414,0.0
420,RBD,1.0,-0.0,13.0,-24.716501235961914,0.0
421,RBD,1.0,0.6884572217893625,16.0,-22.435693740844727,1.0
422,RBD,1.0,-0.0,17.0,-19.135549545288086,0.0
423,RBD,1.0,-0.0,11.0,-16.61164093017578,0.0
424,RBD,1.0,-0.0,11.0,-13.685761451721191,0.0
425,RBD,1.0,-0.0,16.0,-14.930132865905762,0.0
426,RBD,1.0,0.8377685178528801,13.0,-12.009787559509277,1.0
427,RBD,1.0,0.9633545707490925,2.0,-13.937479972839355,1.0
428,RBD,1.0,1.1084787711121487,6.0,-17.075437545776367,1.0
429,RBD,1.0,-0.0,22.0,-15.819759368896484,0.0
430,RBD,1.0,1.4520700717689836,20.0,-13.381808280944824,1.0
431,RBD,0.935,0.8360229678478273,5.0,-12.958375930786133,1.0
432,RBD,0.72,1.083472232104456,1.0,-10.200881004333496,1.0
433,RBD,0.548,0.2749214224331039,0.0,-9.041885375976562,0.0
434,RBD,0.548,-0.0,5.0,-8.920906066894531,0.0
435,RBD,0.548,-0.0,13.0,-11.777941703796387,0.0
436,RBD,0.548,0.4152177581785436,7.0,-10.66716480255127,0.0
437,RBD,0.903,1.1070055721025076,7.0,-14.272551536560059,1.0
438,RBD,1.0,0.05943229865313004,20.0,-14.100020408630371,0.0
439,RBD,1.0,1.1159327419678389,9.0,-12.360355377197266,1.0
440,RBD,1.0,-0.0,17.0,-11.845783233642578,0.0
441,RBD,1.0,-0.0,20.0,-11.597411155700684,0.0
442,RBD,1.0,0.9043961931233502,8.0,-8.72675609588623,1.0
443,RBD,1.0,1.1744196824371955,13.0,-8.750194549560547,1.0
444,RBD,1.0,0.10384132697956511,17.0,-11.267077445983887,0.0
445,RBD,1.0,1.1043377012073792,5.0,-12.061958312988281,1.0
446,RBD,1.0,1.0989834234917857,5.0,-14.181615829467773,1.0
447,RBD,1.0,-0.0,9.0,-15.678668975830078,0.0
448,RBD,1.0,0.05943229865313004,22.0,-18.713699340820312,0.0
449,RBD,1.0,0.8111413280190134,10.0,-22.28075408935547,1.0
450,RBD,1.0,-0.0,14.0,-24.263141632080078,0.0
451,RBD,1.0,0.1773971883076644,20.0,-25.525800704956055,0.0
452,RBD,1.0,0.05943229865313004,13.0,-23.708141326904297,0.0
453,RBD,1.0,-0.0,15.0,-22.21671485900879,0.0
454,RBD,1.0,-0.0,23.0,-19.56321907043457,0.0
455,RBD,1.0,0.6926267989248349,13.0,-19.69580841064453,1.0
456,RBD,1.0,0.1425058673927378,11.0,-18.379322052001953,0.0
457,RBD,0.882,0.6567119934093887,6.0,-15.989409446716309,1.0
458,RBD,0.817,0.8630912571759501,11.0,-15.596352577209473,1.0
459,RBD,0.57,0.4021129439373464,11.0,-12.987504005432129,0.0
460,RBD,0.57,0.31000830084598907,11.0,-10.715978622436523,0.0
461,RBD,0.57,0.16068056204154624,9.0,-9.421599388122559,0.0
462,RBD,0.57,0.31000830084598907,2.0,-6.95823860168457,0.0
463,RBD,0.559,0.31444592262790627,1.0,-6.604757785797119,0.0
464,RBD,0.559,-0.0,1.0,-10.095691680908203,0.0
465,RBD,0.559,0.31444592262790627,6.0,-11.908109664916992,0.0
466,RBD,0.559,0.31444592262790627,2.0,-15.448768615722656,0.0
467,RBD,0.559,-0.0,15.0,-14.738941192626953,0.0
468,RBD,0.677,0.5488743844849944,0.0,-15.949660301208496,1.0
469,RBD,0.677,0.686949425298828,7.0,-13.347734451293945,1.0
470,RBD,0.677,0.7529634424950131,0.0,-11.120932579040527,1.0
471,RBD,0.871,1.1092666262342776,9.0,-10.309306144714355,1.0
472,RBD,0.882,1.5002455492802191,0.0,-7.64791202545166,1.0
473,RBD,0.989,0.366057821296327,4.0,-7.259314060211182,0.0
474,RBD,0.989,0.940341833172692,12.0,-9.337398529052734,1.0
475,RBD,0.989,0.7023170824196562,8.0,-7.891721248626709,0.0
476,RBD,0.882,1.1328235668783888,6.0,-9.444562911987305,1.0
477,RBD,1.0,0.6861357501305587,16.0,-9.394287109375,1.0
478,RBD,1.0,-0.0,15.0,-10.461353302001953,0.0
479,RBD,1.0,0.9585976687374784,6.0,-8.068306922912598,1.0
480,RBD,1.0,1.0099993540375138,6.0,-9.262601852416992,1.0
481,RBD,1.0,-0.0,23.0,-8.955401420593262,0.0
482,RBD,1.0,0.6861357501305587,6.0,-7.523269176483154,1.0
483,RBD,1.0,-0.0,23.0,-9.583969116210938,0.0
484,RBD,1.0,0.8889859646420147,5.0,-9.049071311950684,1.0
485,RBD,1.0,1.0989159870814933,10.0,-9.394258499145508,1.0
486,RBD,1.0,0.9842039476420784,5.0,-6.507256507873535,1.0
487,RBD,1.0,1.2933474597531531,14.0,-4.6448187828063965,1.0
488,RBD,1.0,0.6861357501305587,1.0,-3.9723403453826904,1.0
489,RBD,1.0,0.9477529670515173,0.0,-7.301877975463867,1.0
490,RBD,1.0,1.1082812187779731,3.0,-7.015002727508545,1.0
491,RBD,1.0,0.20158364614073146,12.0,-5.857911109924316,0.0
492,RBD,1.0,-0.0,12.0,-8.827962875366211,0.0
493,RBD,1.0,0.6861357501305587,21.0,-11.983591079711914,1.0
494,RBD,1.0,0.6861357501305587,19.0,-14.851807594299316,1.0
495,RBD,1.0,-0.0,18.0,-18.347665786743164,0.0
496,RBD,1.0,-0.0,22.0,-20.32375717163086,0.0
497,RBD,1.0,-0.0,14.0,-24.12409019470215,0.0
498,RBD,1.0,-0.0,18.0,-26.067392349243164,0.0
499,RBD,1.0,-0.0,20.0,-29.727108001708984,0.0
500,RBD,1.0,-0.0,17.0,-32.05805587768555,0.0
501,RBD,1.0,0.05943229865313004,19.0,-35.61272048950195,0.0
502,RBD,1.0,-0.0,16.0,-38.10989761352539,0.0
503,RBD,1.0,-0.0,11.0,,0.0
504,RBD,1.0,-0.0,12.0,,0.0
505,RBD,1.0,-0.0,12.0,,0.0
506,RBD,1.0,-0.0,13.0,,0.0
507,RBD,1.0,-0.0,12.0,,0.0
508,RBD,1.0,-0.0,22.0,,0.0
509,RBD,1.0,-0.0,16.0,,0.0
510,RBD,1.0,-0.0,20.0,,0.0
511,S1other,1.0,-0.0,19.0,,0.0
512,S1other,1.0,-0.0,11.0,,0.0
513,S1other,1.0,-0.0,7.0,,0.0
514,S1other,1.0,-0.0,17.0,,0.0
515,S1other,1.0,0.05943229865313004,2.0,,0.0
516,S1other,1.0,-0.0,13.0,,0.0
517,S1other,1.0,-0.0,11.0,,0.0
518,S1other,1.0,1.4366117824608737,2.0,,1.0
519,S1other,1.0,-0.0,12.0,,0.0
520,S1other,1.0,0.6861357501305587,14.0,,1.0
521,S1other,1.0,0.05943229865313004,5.0,,0.0
522,S1other,1.0,-0.0,3.0,,0.0
523,S1other,1.0,0.05943229865313004,11.0,,0.0
524,S1other,1.0,-0.0,16.0,,0.0
525,S1other,1.0,-0.0,17.0,,0.0
526,S1other,1.0,-0.0,12.0,,0.0
527,S1other,1.0,-0.0,18.0,,0.0
528,S1other,1.0,-0.0,14.0,,0.0
529,S1other,1.0,-0.0,19.0,,0.0
530,S1other,1.0,-0.0,24.0,,0.0
531,S1other,1.0,-0.0,19.0,,0.0
532,S1other,1.0,0.2670592940006876,21.0,,0.0
533,S1other,1.0,0.7979191592596744,13.0,,1.0
534,S1other,1.0,-0.0,20.0,,0.0
535,S1other,1.0,0.05943229865313004,14.0,,0.0
536,S1other,1.0,-0.0,20.0,,0.0
537,S1other,1.0,-0.0,13.0,,0.0
538,S1other,1.0,-0.0,17.0,,0.0
539,S1other,1.0,0.05943229865313004,9.0,,0.0
540,S1other,1.0,1.2046305936211388,2.0,,1.0
541,S1other,1.0,-0.0,15.0,,0.0
542,S1other,1.0,0.1630385824990221,1.0,,0.0
543,S1other,1.0,-0.0,20.0,,0.0
544,S1other,1.0,0.4800853149827687,5.0,,0.0
545,S1other,1.0,-0.0,24.0,,0.0
546,S1other,1.0,-0.0,3.0,,0.0
547,S1other,1.0,0.6833451965637944,9.0,,1.0
548,S1other,1.0,-0.0,19.0,,0.0
549,S1other,1.0,-0.0,14.0,,0.0
550,S1other,1.0,-0.0,16.0,,0.0
551,S1other,1.0,-0.0,14.0,,0.0
552,S1other,1.0,-0.0,21.0,,0.0
553,S1other,1.0,0.10384132697956511,10.0,,0.0
554,S1other,1.0,-0.0,17.0,,0.0
555,S1other,1.0,1.0708526126323832,18.0,,1.0
556,S1other,1.0,0.05943229865313004,15.0,,0.0
557,S1other,1.0,-0.0,11.0,,0.0
558,S1other,1.0,-0.0,19.0,,0.0
559,S1other,1.0,0.10384132697956511,20.0,,0.0
560,S1other,1.0,-0.0,14.0,,0.0
561,S1other,1.0,-0.0,18.0,,0.0
562,S1other,1.0,-0.0,17.0,,0.0
563,S1other,1.0,-0.0,18.0,,0.0
564,S1other,1.0,-0.0,16.0,,0.0
565,S1other,1.0,-0.0,14.0,,0.0
566,S1other,1.0,0.6763457376974649,10.0,,1.0
567,S1other,1.0,-0.0,1.0,,0.0
568,S1other,1.0,0.6884572217893625,9.0,,1.0
569,S1other,1.0,0.6857910994128801,16.0,,0.0
570,S1other,1.0,0.1425058673927378,15.0,,0.0
571,S1other,1.0,-0.0,10.0,,0.0
572,S1other,1.0,-0.0,26.0,,0.0
573,S1other,1.0,-0.0,13.0,,0.0
574,S1other,1.0,0.49933314369877413,14.0,,0.0
575,S1other,1.0,-0.0,17.0,,0.0
576,S1other,1.0,-0.0,21.0,,0.0
577,S1other,1.0,0.20720997026723195,23.0,,0.0
578,S1other,1.0,0.05943229865313004,21.0,,0.0
579,S1other,1.0,-0.0,21.0,,0.0
580,S1other,1.0,-0.0,20.0,,0.0
581,S1other,1.0,-0.0,18.0,,0.0
582,S1other,1.0,-0.0,18.0,,0.0
583,S1other,1.0,-0.0,22.0,,0.0
584,S1other,1.0,-0.0,18.0,,0.0
585,S1other,1.0,-0.0,17.0,,0.0
586,S1other,1.0,-0.0,10.0,,0.0
587,S1other,1.0,-0.0,9.0,,0.0
588,S1other,1.0,-0.0,11.0,,0.0
589,S1other,1.0,-0.0,2.0,,0.0
590,S1other,1.0,0.6157208288136716,10.0,,0.0
591,S1other,1.0,-0.0,8.0,,0.0
592,S1other,1.0,0.11874771795934891,7.0,,0.0
593,S1other,1.0,0.3995153081467053,9.0,,0.0
594,S1other,1.0,0.05943229865313004,20.0,,0.0
595,S1other,1.0,-0.0,23.0,,0.0
596,S1other,1.0,-0.0,21.0,,0.0
597,S1other,1.0,-0.0,20.0,,0.0
598,S1other,1.0,-0.0,21.0,,0.0
599,S1other,1.0,-0.0,23.0,,0.0
600,S1other,1.0,0.05943229865313004,23.0,,0.0
601,S1other,1.0,-0.0,23.0,,0.0
602,S1other,1.0,-0.0,11.0,,0.0
603,S1other,1.0,-0.0,15.0,,0.0
604,S1other,1.0,-0.0,4.0,,0.0
605,S1other,1.0,0.05943229865313004,19.0,,0.0
606,S1other,1.0,-0.0,22.0,,0.0
607,S1other,1.0,0.6833451965637944,13.0,,1.0
608,S1other,1.0,0.6438064663141829,12.0,,0.0
609,S1other,1.0,0.8115607132249619,22.0,,0.0
610,S1other,1.0,0.1773971883076644,14.0,,0.0
611,S1other,1.0,0.7242468129036358,8.0,,0.0
612,S1other,1.0,-0.0,12.0,,0.0
613,S1other,1.0,0.1773971883076644,3.0,,0.0
614,S1other,1.0,0.1425058673927378,16.0,,0.0
615,S1other,1.0,0.05943229865313004,18.0,,0.0
616,S1other,1.0,0.32564543030310444,12.0,,0.0
617,S1other,1.0,0.1773971883076644,16.0,,0.0
618,S1other,1.0,0.5165010693081198,14.0,,0.0
619,S1other,1.0,-0.0,16.0,,0.0
620,S1other,1.0,-0.0,13.0,,0.0
621,S1other,1.0,0.691701229714286,14.0,,1.0
622,S1other,1.0,0.05943229865313004,18.0,,0.0
623,S1other,1.0,0.4800853149827687,2.0,,0.0
624,S1other,0.785,0.26936843870550364,14.0,,0.0
625,S1other,1.0,0.05943229865313004,4.0,,0.0
626,S1other,1.0,1.34071617118617,8.0,,1.0
627,S1other,1.0,0.4857323568072791,11.0,,0.0
628,S1other,1.0,0.11874771795934891,20.0,,0.0
629,S1other,1.0,-0.0,15.0,,0.0
630,S1other,1.0,-0.0,16.0,,0.0
631,S1other,1.0,-0.0,10.0,,0.0
632,S1other,1.0,-0.0,14.0,,0.0
633,S1other,1.0,-0.0,21.0,,0.0
634,S1other,1.0,-0.0,22.0,,0.0
635,S1other,1.0,-0.0,17.0,,0.0
636,S1other,1.0,-0.0,20.0,,0.0
637,S1other,1.0,-0.0,18.0,,0.0
638,S1other,1.0,-0.0,15.0,,0.0
639,S1other,1.0,-0.0,21.0,,0.0
640,S1other,1.0,0.05943229865313004,5.0,,0.0
641,S1other,1.0,0.1773971883076644,7.0,,0.0
642,S1other,1.0,0.05943229865313004,13.0,,0.0
643,S1other,1.0,0.6903118023335733,0.0,,1.0
644,S1other,1.0,0.857589908890161,2.0,,1.0
645,S1other,1.0,-0.0,9.0,,0.0
646,S1other,1.0,-0.0,15.0,,0.0
647,S1other,1.0,0.2932350938509379,1.0,,0.0
648,S1other,1.0,-0.0,13.0,,0.0
649,S1other,1.0,-0.0,13.0,,0.0
650,S1other,1.0,-0.0,16.0,,0.0
651,S1other,1.0,-0.0,12.0,,0.0
652,S1other,1.0,0.05943229865313004,26.0,,0.0
653,S1other,1.0,-0.0,19.0,,0.0
654,S1other,1.0,-0.0,15.0,,0.0
655,S1other,1.0,-0.0,13.0,,0.0
656,S1other,1.0,-0.0,19.0,,0.0
657,S1other,1.0,-0.0,18.0,,0.0
658,S1other,1.0,-0.0,22.0,,0.0
659,S1other,1.0,0.05943229865313004,9.0,,0.0
660,S1other,1.0,-0.0,10.0,,0.0
661,S1other,1.0,0.05943229865313004,,,0.0
662,S1other,0.935,0.0627602166108864,,,0.0
663,S1other,1.0,0.7413814905800433,,,1.0
664,S1other,1.0,0.05943229865313004,,,0.0
665,S1other,1.0,1.401353172705659,,,1.0
666,S1other,1.0,-0.0,,,0.0
667,S1other,1.0,0.11874771795934891,,,0.0
668,S2,1.0,0.30446898186214844,,,0.0
669,S2,1.0,0.5200443304781147,,,0.0
670,S2,1.0,0.7392708694562964,,,1.0
671,S2,1.0,0.05943229865313004,,,0.0
672,S2,1.0,0.05943229865313004,,,0.0
673,S2,1.0,0.10384132697956511,,,0.0
674,S2,1.0,-0.0,,,0.0
675,S2,1.0,0.05943229865313004,15.0,,0.0
676,S2,1.0,0.05943229865313004,20.0,,0.0
677,S2,1.0,-0.0,15.0,,0.0
678,S2,1.0,-0.0,8.0,,0.0
679,S2,1.0,-0.0,9.0,,0.0
680,S2,1.0,-0.0,17.0,,0.0
681,S2,1.0,-0.0,17.0,,0.0
682,S2,1.0,-0.0,12.0,,0.0
683,S2,1.0,0.05943229865313004,2.0,,0.0
684,S2,1.0,0.7413814905800433,4.0,,1.0
685,S2,1.0,0.7413814905800433,15.0,,1.0
686,S2,1.0,0.05943229865313004,1.0,,0.0
687,S2,1.0,0.34131324178704003,21.0,,0.0
688,S2,1.0,0.1425058673927378,7.0,,0.0
689,S2,1.0,-0.0,25.0,,0.0
690,S2,1.0,0.6884572217893625,6.0,,1.0
691,S2,1.0,-0.0,4.0,,0.0
692,S2,1.0,-0.0,13.0,,0.0
693,S2,1.0,0.6884572217893625,14.0,,1.0
694,S2,1.0,-0.0,19.0,,0.0
695,S2,1.0,-0.0,19.0,,0.0
696,S2,1.0,-0.0,19.0,,0.0
697,S2,1.0,-0.0,14.0,,0.0
698,S2,1.0,0.05943229865313004,4.0,,0.0
699,S2,1.0,-0.0,5.0,,0.0
700,S2,1.0,-0.0,17.0,,0.0
701,S2,1.0,-0.0,9.0,,0.0
702,S2,1.0,-0.0,19.0,,0.0
703,S2,1.0,-0.0,12.0,,0.0
704,S2,1.0,0.6884572217893625,16.0,,1.0
705,S2,1.0,0.10384132697956511,11.0,,0.0
706,S2,1.0,0.05943229865313004,16.0,,0.0
707,S2,1.0,-0.0,20.0,,0.0
708,S2,1.0,-0.0,13.0,,0.0
709,S2,1.0,0.05943229865313004,22.0,,0.0
710,S2,1.0,-0.0,18.0,,0.0
711,S2,1.0,-0.0,24.0,,0.0
712,S2,1.0,-0.0,24.0,,0.0
713,S2,1.0,0.10384132697956511,21.0,,0.0
714,S2,1.0,0.5729282541420468,16.0,,0.0
715,S2,1.0,-0.0,16.0,,0.0
716,S2,1.0,0.05943229865313004,18.0,,0.0
717,S2,1.0,0.1773971883076644,18.0,,0.0
718,S2,1.0,-0.0,20.0,,0.0
719,S2,1.0,-0.0,23.0,,0.0
720,S2,1.0,-0.0,19.0,,0.0
721,S2,1.0,0.6884572217893625,19.0,,1.0
722,S2,1.0,-0.0,18.0,,0.0
723,S2,1.0,-0.0,19.0,,0.0
724,S2,1.0,-0.0,25.0,,0.0
725,S2,1.0,-0.0,19.0,,0.0
726,S2,1.0,-0.0,17.0,,0.0
727,S2,1.0,-0.0,18.0,,0.0
728,S2,1.0,-0.0,20.0,,0.0
729,S2,1.0,1.1384054122833653,1.0,,1.0
730,S2,1.0,-0.0,10.0,,0.0
731,S2,1.0,-0.0,20.0,,0.0
732,S2,1.0,0.6903118023335733,8.0,,1.0
733,S2,1.0,-0.0,4.0,,0.0
734,S2,1.0,-0.0,16.0,,0.0
735,S2,1.0,-0.0,20.0,,0.0
736,S2,1.0,-0.0,6.0,,0.0
737,S2,1.0,-0.0,13.0,,0.0
738,S2,1.0,-0.0,17.0,,0.0
739,S2,1.0,-0.0,21.0,,0.0
740,S2,1.0,-0.0,13.0,,0.0
741,S2,1.0,-0.0,22.0,,0.0
742,S2,1.0,-0.0,17.0,,0.0
743,S2,1.0,0.1773971883076644,12.0,,0.0
744,S2,1.0,-0.0,18.0,,0.0
745,S2,1.0,-0.0,17.0,,0.0
746,S2,1.0,-0.0,17.0,,0.0
747,S2,1.0,-0.0,11.0,,0.0
748,S2,1.0,-0.0,17.0,,0.0
749,S2,1.0,-0.0,23.0,,0.0
750,S2,1.0,0.6581611283647257,13.0,,1.0
751,S2,1.0,-0.0,11.0,,0.0
752,S2,1.0,0.2670592940006876,21.0,,0.0
753,S2,1.0,-0.0,21.0,,0.0
754,S2,1.0,1.2486287066942716,12.0,,1.0
755,S2,1.0,-0.0,17.0,,0.0
756,S2,1.0,-0.0,21.0,,0.0
757,S2,1.0,-0.0,17.0,,0.0
758,S2,1.0,0.6884572217893625,9.0,,1.0
759,S2,1.0,-0.0,26.0,,0.0
760,S2,1.0,-0.0,21.0,,0.0
761,S2,1.0,0.6884572217893625,13.0,,1.0
762,S2,1.0,0.10384132697956511,16.0,,0.0
763,S2,1.0,-0.0,26.0,,0.0
764,S2,1.0,-0.0,26.0,,0.0
765,S2,1.0,0.1773971883076644,11.0,,0.0
766,S2,1.0,-0.0,18.0,,0.0
767,S2,1.0,0.05943229865313004,22.0,,0.0
768,S2,1.0,-0.0,10.0,,0.0
769,S2,1.0,0.05943229865313004,12.0,,0.0
770,S2,1.0,0.1425058673927378,15.0,,0.0
771,S2,1.0,-0.0,22.0,,0.0
772,S2,1.0,-0.0,10.0,,0.0
773,S2,1.0,-0.0,17.0,,0.0
774,S2,1.0,-0.0,18.0,,0.0
775,S2,1.0,0.7862058706737197,5.0,,1.0
776,S2,1.0,0.6833451965637944,13.0,,1.0
777,S2,1.0,0.34131324178704003,11.0,,0.0
778,S2,1.0,0.7050784316604464,5.0,,1.0
779,S2,1.0,-0.0,20.0,,0.0
780,S2,1.0,0.1773971883076644,19.0,,0.0
781,S2,1.0,-0.0,12.0,,0.0
782,S2,1.0,-0.0,16.0,,0.0
783,S2,1.0,-0.0,9.0,,0.0
784,S2,1.0,-0.0,19.0,,0.0
785,S2,1.0,-0.0,8.0,,0.0
786,S2,1.0,-0.0,10.0,,0.0
787,S2,1.0,0.10384132697956511,21.0,,0.0
788,S2,1.0,-0.0,21.0,,0.0
789,S2,1.0,-0.0,17.0,,0.0
790,S2,1.0,-0.0,11.0,,0.0
791,S2,1.0,0.05943229865313004,9.0,,0.0
792,S2,1.0,0.6985755939821023,1.0,,1.0
793,S2,1.0,-0.0,7.0,,0.0
794,S2,1.0,0.10384132697956511,0.0,,0.0
795,S2,1.0,0.20158364614073146,10.0,,0.0
796,S2,1.0,0.05943229865313004,10.0,,0.0
797,S2,1.0,-0.0,16.0,,0.0
798,S2,1.0,-0.0,19.0,,0.0
799,S2,1.0,-0.0,12.0,,0.0
800,S2,1.0,-0.0,24.0,,0.0
801,S2,1.0,-0.0,23.0,,0.0
802,S2,1.0,-0.0,10.0,,0.0
803,S2,1.0,-0.0,16.0,,0.0
804,S2,1.0,-0.0,21.0,,0.0
805,S2,1.0,0.3634830815785158,10.0,,0.0
806,S2,1.0,-0.0,9.0,,0.0
807,S2,1.0,-0.0,19.0,,0.0
808,S2,1.0,-0.0,17.0,,0.0
809,S2,1.0,-0.0,7.0,,0.0
810,S2,1.0,-0.0,9.0,,0.0
811,S2,1.0,-0.0,19.0,,0.0
812,S2,1.0,-0.0,10.0,,0.0
813,S2,1.0,0.05943229865313004,14.0,,0.0
814,S2,1.0,-0.0,5.0,,0.0
815,S2,1.0,-0.0,13.0,,0.0
816,S2,1.0,0.10384132697956511,6.0,,0.0
817,S2,1.0,-0.0,11.0,,0.0
818,S2,1.0,-0.0,15.0,,0.0
819,S2,1.0,-0.0,18.0,,0.0
820,S2,1.0,0.34131324178704003,18.0,,0.0
821,S2,1.0,0.5328550268717619,15.0,,0.0
822,S2,1.0,-0.0,15.0,,0.0
823,S2,1.0,-0.0,,,0.0
824,S2,1.0,-0.0,,,0.0
825,S2,1.0,0.38454291975622856,,,0.0
826,S2,1.0,0.34131324178704003,,,0.0
827,S2,1.0,0.5710227109429162,,,0.0
828,S2,1.0,-0.0,,,0.0
829,S2,1.0,-0.0,,,0.0
830,S2,1.0,-0.0,,,0.0
831,S2,1.0,-0.0,8.0,,0.0
832,S2,1.0,-0.0,1.0,,0.0
833,S2,1.0,-0.0,20.0,,0.0
834,S2,1.0,-0.0,10.0,,0.0
835,S2,1.0,-0.0,16.0,,0.0
836,S2,1.0,-0.0,19.0,,0.0
837,S2,1.0,-0.0,19.0,,0.0
838,S2,1.0,-0.0,19.0,,0.0
839,S2,1.0,-0.0,18.0,,0.0
840,S2,1.0,-0.0,17.0,,0.0
841,S2,1.0,-0.0,24.0,,0.0
842,S2,1.0,-0.0,18.0,,0.0
843,S2,1.0,-0.0,21.0,,0.0
844,S2,1.0,-0.0,17.0,,0.0
845,S2,1.0,-0.0,18.0,,0.0
846,S2,1.0,-0.0,18.0,,0.0
847,S2,1.0,-0.0,22.0,,0.0
848,S2,1.0,-0.0,14.0,,0.0
849,S2,1.0,-0.0,10.0,,0.0
850,S2,1.0,0.5470811571982415,5.0,,0.0
851,S2,1.0,-0.0,16.0,,0.0
852,S2,1.0,0.1773971883076644,17.0,,0.0
853,S2,1.0,-0.0,17.0,,0.0
854,S2,1.0,-0.0,13.0,,0.0
855,S2,1.0,-0.0,19.0,,0.0
856,S2,1.0,-0.0,21.0,,0.0
857,S2,1.0,-0.0,21.0,,0.0
858,S2,1.0,-0.0,21.0,,0.0
859,S2,1.0,-0.0,20.0,,0.0
860,S2,1.0,0.4045729079821752,19.0,,0.0
861,S2,1.0,-0.0,23.0,,0.0
862,S2,1.0,-0.0,21.0,,0.0
863,S2,1.0,0.05943229865313004,19.0,,0.0
864,S2,1.0,0.05943229865313004,23.0,,0.0
865,S2,1.0,-0.0,24.0,,0.0
866,S2,1.0,-0.0,25.0,,0.0
867,S2,1.0,-0.0,16.0,,0.0
868,S2,1.0,0.05943229865313004,20.0,,0.0
869,S2,1.0,0.05943229865313004,18.0,,0.0
870,S2,1.0,-0.0,22.0,,0.0
871,S2,1.0,-0.0,17.0,,0.0
872,S2,1.0,-0.0,22.0,,0.0
873,S2,1.0,-0.0,22.0,,0.0
874,S2,1.0,0.1425058673927378,11.0,,0.0
875,S2,1.0,-0.0,16.0,,0.0
876,S2,1.0,-0.0,19.0,,0.0
877,S2,1.0,-0.0,18.0,,0.0
878,S2,1.0,-0.0,21.0,,0.0
879,S2,1.0,-0.0,17.0,,0.0
880,S2,1.0,-0.0,19.0,,0.0
881,S2,1.0,-0.0,25.0,,0.0
882,S2,1.0,-0.0,23.0,,0.0
883,S2,1.0,-0.0,18.0,,0.0
884,S2,1.0,-0.0,19.0,,0.0
885,S2,1.0,-0.0,19.0,,0.0
886,S2,1.0,-0.0,17.0,,0.0
887,S2,1.0,-0.0,21.0,,0.0
888,S2,1.0,-0.0,17.0,,0.0
889,S2,1.0,-0.0,11.0,,0.0
890,S2,1.0,-0.0,15.0,,0.0
891,S2,1.0,-0.0,21.0,,0.0
892,S2,1.0,-0.0,10.0,,0.0
893,S2,1.0,-0.0,20.0,,0.0
894,S2,1.0,-0.0,18.0,,0.0
895,S2,1.0,-0.0,22.0,,0.0
896,S2,1.0,-0.0,16.0,,0.0
897,S2,1.0,-0.0,20.0,,0.0
898,S2,1.0,-0.0,19.0,,0.0
899,S2,1.0,-0.0,18.0,,0.0
900,S2,1.0,-0.0,10.0,,0.0
901,S2,1.0,-0.0,13.0,,0.0
902,S2,1.0,-0.0,17.0,,0.0
903,S2,1.0,-0.0,3.0,,0.0
904,S2,1.0,0.34131324178704003,9.0,,0.0
905,S2,1.0,-0.0,16.0,,0.0
906,S2,1.0,-0.0,14.0,,0.0
907,S2,1.0,-0.0,4.0,,0.0
908,S2,1.0,-0.0,14.0,,0.0
909,S2,1.0,-0.0,16.0,,0.0
910,S2,1.0,-0.0,12.0,,0.0
911,S2,1.0,0.34131324178704003,8.0,,0.0
912,S2,1.0,-0.0,20.0,,0.0
913,S2,1.0,-0.0,16.0,,0.0
914,S2,1.0,0.6696399118230036,7.0,,0.0
915,S2,1.0,0.34131324178704003,9.0,,0.0
916,S2,1.0,-0.0,22.0,,0.0
917,S2,1.0,-0.0,10.0,,0.0
918,S2,1.0,0.1425058673927378,4.0,,0.0
919,S2,1.0,-0.0,11.0,,0.0
920,S2,1.0,0.05943229865313004,20.0,,0.0
921,S2,1.0,0.3179367802622418,6.0,,0.0
922,S2,1.0,0.34131324178704003,0.0,,0.0
923,S2,1.0,-0.0,12.0,,0.0
924,S2,1.0,0.4623766760361089,2.0,,0.0
925,S2,1.0,0.34131324178704003,2.0,,0.0
926,S2,1.0,-0.0,14.0,,0.0
927,S2,1.0,-0.0,24.0,,0.0
928,S2,1.0,-0.0,4.0,,0.0
929,S2,1.0,-0.0,14.0,,0.0
930,S2,1.0,-0.0,22.0,,0.0
931,S2,1.0,-0.0,12.0,,0.0
932,S2,1.0,-0.0,11.0,,0.0
933,S2,1.0,-0.0,18.0,,0.0
934,S2,1.0,0.05943229865313004,14.0,,0.0
935,S2,1.0,-0.0,7.0,,0.0
936,S2,1.0,0.05943229865313004,14.0,,0.0
937,S2,1.0,-0.0,19.0,,0.0
938,S2,1.0,-0.0,11.0,,0.0
939,S2,1.0,0.05943229865313004,11.0,,0.0
940,S2,1.0,-0.0,16.0,,0.0
941,S2,1.0,-0.0,19.0,,0.0
942,S2,1.0,-0.0,12.0,,0.0
943,S2,1.0,-0.0,18.0,,0.0
944,S2,1.0,-0.0,22.0,,0.0
945,S2,1.0,-0.0,19.0,,0.0
946,S2,1.0,-0.0,10.0,,0.0
947,S2,1.0,-0.0,19.0,,0.0
948,S2,1.0,-0.0,19.0,,0.0
949,S2,1.0,-0.0,11.0,,0.0
950,S2,1.0,-0.0,17.0,,0.0
951,S2,1.0,-0.0,11.0,,0.0
952,S2,1.0,-0.0,18.0,,0.0
953,S2,1.0,-0.0,17.0,,0.0
954,S2,1.0,-0.0,10.0,,0.0
955,S2,1.0,-0.0,19.0,,0.0
956,S2,1.0,-0.0,12.0,,0.0
957,S2,1.0,-0.0,15.0,,0.0
958,S2,1.0,0.2932350938509379,11.0,,0.0
959,S2,1.0,-0.0,20.0,,0.0
960,S2,1.0,-0.0,17.0,,0.0
961,S2,1.0,-0.0,7.0,,0.0
962,S2,1.0,-0.0,19.0,,0.0
963,S2,1.0,-0.0,13.0,,0.0
964,S2,1.0,-0.0,15.0,,0.0
965,S2,1.0,-0.0,16.0,,0.0
966,S2,1.0,-0.0,17.0,,0.0
967,S2,1.0,-0.0,13.0,,0.0
968,S2,1.0,-0.0,6.0,,0.0
969,S2,1.0,-0.0,6.0,,0.0
970,S2,1.0,-0.0,10.0,,0.0
971,S2,1.0,-0.0,20.0,,0.0
972,S2,1.0,-0.0,9.0,,0.0
973,S2,1.0,-0.0,4.0,,0.0
974,S2,1.0,-0.0,17.0,,0.0
975,S2,1.0,-0.0,21.0,,0.0
976,S2,1.0,-0.0,11.0,,0.0
977,S2,1.0,-0.0,14.0,,0.0
978,S2,1.0,-0.0,22.0,,0.0
979,S2,1.0,-0.0,19.0,,0.0
980,S2,1.0,-0.0,14.0,,0.0
981,S2,1.0,-0.0,19.0,,0.0
982,S2,1.0,-0.0,24.0,,0.0
983,S2,1.0,-0.0,15.0,,0.0
984,S2,1.0,-0.0,16.0,,0.0
985,S2,1.0,-0.0,25.0,,0.0
986,S2,1.0,-0.0,22.0,,0.0
987,S2,1.0,-0.0,16.0,,0.0
988,S2,1.0,-0.0,19.0,,0.0
989,S2,1.0,-0.0,20.0,,0.0
990,S2,1.0,-0.0,21.0,,0.0
991,S2,1.0,-0.0,20.0,,0.0
992,S2,1.0,-0.0,20.0,,0.0
993,S2,1.0,-0.0,24.0,,0.0
994,S2,1.0,-0.0,21.0,,0.0
995,S2,1.0,-0.0,16.0,,0.0
996,S2,1.0,-0.0,21.0,,0.0
997,S2,1.0,-0.0,22.0,,0.0
998,S2,1.0,-0.0,21.0,,0.0
999,S2,1.0,-0.0,13.0,,0.0
1000,S2,1.0,-0.0,22.0,,0.0
1001,S2,1.0,0.05943229865313004,16.0,,0.0
1002,S2,1.0,0.1425058673927378,13.0,,0.0
1003,S2,1.0,-0.0,16.0,,0.0
1004,S2,1.0,-0.0,20.0,,0.0
1005,S2,1.0,-0.0,9.0,,0.0
1006,S2,1.0,-0.0,16.0,,0.0
1007,S2,1.0,-0.0,26.0,,0.0
1008,S2,1.0,-0.0,15.0,,0.0
1009,S2,1.0,-0.0,12.0,,0.0
1010,S2,1.0,-0.0,21.0,,0.0
1011,S2,1.0,-0.0,21.0,,0.0
1012,S2,1.0,-0.0,19.0,,0.0
1013,S2,1.0,-0.0,18.0,,0.0
1014,S2,1.0,-0.0,23.0,,0.0
1015,S2,1.0,-0.0,25.0,,0.0
1016,S2,1.0,0.05943229865313004,20.0,,0.0
1017,S2,1.0,-0.0,19.0,,0.0
1018,S2,1.0,-0.0,14.0,,0.0
1019,S2,1.0,-0.0,22.0,,0.0
1020,S2,1.0,-0.0,11.0,,0.0
1021,S2,1.0,-0.0,18.0,,0.0
1022,S2,1.0,-0.0,18.0,,0.0
1023,S2,1.0,-0.0,17.0,,0.0
1024,S2,1.0,-0.0,19.0,,0.0
1025,S2,1.0,-0.0,26.0,,0.0
1026,S2,1.0,-0.0,26.0,,0.0
1027,S2,1.0,0.4045729079821752,16.0,,0.0
1028,S2,1.0,-0.0,17.0,,0.0
1029,S2,1.0,-0.0,18.0,,0.0
1030,S2,1.0,-0.0,17.0,,0.0
1031,S2,1.0,-0.0,17.0,,0.0
1032,S2,1.0,-0.0,20.0,,0.0
1033,S2,1.0,-0.0,24.0,,0.0
1034,S2,1.0,-0.0,20.0,,0.0
1035,S2,1.0,-0.0,26.0,,0.0
1036,S2,1.0,-0.0,22.0,,0.0
1037,S2,1.0,0.4913274484505221,25.0,,0.0
1038,S2,1.0,-0.0,19.0,,0.0
1039,S2,1.0,-0.0,18.0,,0.0
1040,S2,1.0,-0.0,18.0,,0.0
1041,S2,1.0,-0.0,20.0,,0.0
1042,S2,1.0,-0.0,22.0,,0.0
1043,S2,1.0,-0.0,19.0,,0.0
1044,S2,1.0,-0.0,18.0,,0.0
1045,S2,1.0,-0.0,14.0,,0.0
1046,S2,1.0,-0.0,21.0,,0.0
1047,S2,1.0,-0.0,15.0,,0.0
1048,S2,1.0,-0.0,21.0,,0.0
1049,S2,1.0,0.05943229865313004,17.0,,0.0
1050,S2,1.0,0.10384132697956511,19.0,,0.0
1051,S2,1.0,-0.0,19.0,,0.0
1052,S2,1.0,0.1425058673927378,11.0,,0.0
1053,S2,1.0,0.10384132697956511,10.0,,0.0
1054,S2,1.0,-0.0,10.0,,0.0
1055,S2,1.0,0.6581611283647257,10.0,,1.0
1056,S2,1.0,-0.0,5.0,,0.0
1057,S2,1.0,-0.0,20.0,,0.0
1058,S2,1.0,-0.0,10.0,,0.0
1059,S2,1.0,-0.0,17.0,,0.0
1060,S2,1.0,-0.0,24.0,,0.0
1061,S2,1.0,-0.0,21.0,,0.0
1062,S2,1.0,-0.0,22.0,,0.0
1063,S2,1.0,-0.0,23.0,,0.0
1064,S2,1.0,-0.0,14.0,,0.0
1065,S2,1.0,-0.0,6.0,,0.0
1066,S2,1.0,0.05943229865313004,2.0,,0.0
1067,S2,1.0,-0.0,1.0,,0.0
1068,S2,1.0,-0.0,5.0,,0.0
1069,S2,1.0,-0.0,19.0,,0.0
1070,S2,1.0,0.1773971883076644,20.0,,0.0
1071,S2,1.0,-0.0,16.0,,0.0
1072,S2,1.0,-0.0,21.0,,0.0
1073,S2,1.0,-0.0,12.0,,0.0
1074,S2,1.0,-0.0,5.0,,0.0
1075,S2,1.0,-0.0,21.0,,0.0
1076,S2,1.0,-0.0,17.0,,0.0
1077,S2,1.0,-0.0,22.0,,0.0
1078,S2,1.0,-0.0,22.0,,0.0
1079,S2,1.0,0.7366871111017326,15.0,,1.0
1080,S2,1.0,0.10384132697956511,18.0,,0.0
1081,S2,1.0,-0.0,6.0,,0.0
1082,S2,1.0,0.2932350938509379,1.0,,0.0
1083,S2,1.0,0.24563421464566032,13.0,,0.0
1084,S2,1.0,-0.0,5.0,,0.0
1085,S2,1.0,-0.0,9.0,,0.0
1086,S2,1.0,0.10384132697956511,19.0,,0.0
1087,S2,1.0,-0.0,20.0,,0.0
1088,S2,1.0,-0.0,10.0,,0.0
1089,S2,1.0,-0.0,15.0,,0.0
1090,S2,1.0,-0.0,15.0,,0.0
1091,S2,1.0,-0.0,17.0,,0.0
1092,S2,1.0,0.6861357501305587,10.0,,1.0
1093,S2,1.0,0.10384132697956511,13.0,,0.0
1094,S2,1.0,-0.0,11.0,,0.0
1095,S2,1.0,0.05943229865313004,20.0,,0.0
1096,S2,1.0,0.5378890830367024,7.0,,0.0
1097,S2,1.0,-0.0,13.0,,0.0
1098,S2,1.0,-0.0,4.0,,0.0
1099,S2,1.0,-0.0,3.0,,0.0
1100,S2,1.0,-0.0,7.0,,0.0
1101,S2,1.0,-0.0,15.0,,0.0
1102,S2,1.0,-0.0,18.0,,0.0
1103,S2,1.0,-0.0,11.0,,0.0
1104,S2,1.0,-0.0,9.0,,0.0
1105,S2,1.0,0.620555445791678,18.0,,0.0
1106,S2,1.0,-0.0,2.0,,0.0
1107,S2,1.0,0.5632674522070741,9.0,,0.0
1108,S2,1.0,-0.0,8.0,,0.0
1109,S2,1.0,0.05943229865313004,2.0,,0.0
1110,S2,1.0,-0.0,11.0,,0.0
1111,S2,1.0,-0.0,19.0,,0.0
1112,S2,1.0,-0.0,7.0,,0.0
1113,S2,1.0,-0.0,24.0,,0.0
1114,S2,1.0,-0.0,1.0,,0.0
1115,S2,1.0,0.05943229865313004,24.0,,0.0
1116,S2,1.0,-0.0,3.0,,0.0
1117,S2,1.0,-0.0,8.0,,0.0
1118,S2,1.0,-0.0,18.0,,0.0
1119,S2,1.0,-0.0,0.0,,0.0
1120,S2,1.0,-0.0,9.0,,0.0
1121,S2,1.0,-0.0,,,0.0
1122,S2,1.0,-0.0,,,0.0
1123,S2,1.0,-0.0,,,0.0
1124,S2,1.0,-0.0,,,0.0
1125,S2,1.0,-0.0,,,0.0
1126,S2,1.0,-0.0,,,0.0
1127,S2,1.0,-0.0,,,0.0
1128,S2,1.0,0.05943229865313004,,,0.0
1129,S2,1.0,-0.0,,,0.0
1130,S2,1.0,-0.0,,,0.0
1131,S2,1.0,-0.0,,,0.0
1132,S2,1.0,0.41002634497523105,,,0.0
1133,S2,1.0,-0.0,,,0.0
1134,S2,1.0,-0.0,,,0.0
1135,S2,1.0,-0.0,,,0.0
1136,S2,1.0,-0.0,,,0.0
1137,S2,1.0,-0.0,,,0.0
1138,S2,1.0,-0.0,,,0.0
1139,S2,1.0,-0.0,,,0.0
1140,S2,1.0,0.05943229865313004,,,0.0
1141,S2,1.0,-0.0,,,0.0
1142,S2,1.0,-0.0,,,0.0
1143,S2,1.0,-0.0,,,0.0
1144,S2,1.0,0.05943229865313004,,,0.0
1145,S2,1.0,0.05943229865313004,,,0.0
1146,S2,1.0,0.10384132697956511,,,0.0
1147,S2,1.0,0.05943229865313004,,,0.0
1148,S2,1.0,0.1425058673927378,,,0.0
1149,S2,1.0,0.05943229865313004,,,0.0
1150,S2,1.0,0.05943229865313004,,,0.0
1151,S2,1.0,0.05943229865313004,,,0.0
1152,S2,1.0,0.05943229865313004,,,0.0
1153,S2,1.0,0.11874771795934891,,,0.0
1154,S2,1.0,-0.0,,,0.0
1155,S2,1.0,-0.0,,,0.0
1156,S2,1.0,0.05943229865313004,,,0.0
1157,S2,1.0,0.05943229865313004,,,0.0
1158,S2,1.0,-0.0,,,0.0
1159,S2,1.0,-0.0,,,0.0
1160,S2,1.0,0.3179367802622418,,,0.0
1161,S2,1.0,-0.0,,,0.0
1162,S2,1.0,0.05943229865313004,,,0.0
1163,S2,1.0,0.20945079168817338,,,0.0
1164,S2,1.0,-0.0,,,0.0
1165,S2,1.0,-0.0,,,0.0
1166,S2,1.0,0.11874771795934891,,,0.0
1167,S2,1.0,0.05943229865313004,,,0.0
1168,S2,1.0,-0.0,,,0.0
1169,S2,1.0,-0.0,,,0.0
1170,S2,1.0,-0.0,,,0.0
1171,S2,1.0,0.10384132697956511,,,0.0
1172,S2,1.0,-0.0,,,0.0
1173,S2,1.0,0.10384132697956511,,,0.0
1174,S2,1.0,0.05943229865313004,,,0.0
1175,S2,1.0,-0.0,,,0.0
1176,S2,1.0,-0.0,,,0.0
1177,S2,1.0,0.10384132697956511,,,0.0
1178,S2,1.0,-0.0,,,0.0
1179,S2,1.0,-0.0,,,0.0
1180,S2,1.0,-0.0,,,0.0
1181,S2,1.0,-0.0,,,0.0
1182,S2,1.0,-0.0,,,0.0
1183,S2,1.0,0.1773971883076644,,,0.0
1184,S2,1.0,-0.0,,,0.0
1185,S2,1.0,-0.0,,,0.0
1186,S2,1.0,-0.0,,,0.0
1187,S2,1.0,-0.0,,,0.0
1188,S2,1.0,-0.0,,,0.0
1189,S2,1.0,-0.0,,,0.0
1190,S2,1.0,0.05943229865313004,,,0.0
1191,S2,1.0,-0.0,,,0.0
1192,S2,1.0,-0.0,,,0.0
1193,S2,1.0,-0.0,,,0.0
1194,S2,1.0,-0.0,,,0.0
1195,S2,1.0,-0.0,,,0.0
1196,S2,1.0,-0.0,,,0.0
1197,S2,1.0,-0.0,,,0.0
1198,S2,1.0,-0.0,,,0.0
1199,S2,1.0,-0.0,,,0.0
1200,S2,1.0,-0.0,,,0.0
1201,S2,1.0,-0.0,,,0.0
1202,S2,1.0,-0.0,,,0.0
1203,S2,1.0,-0.0,,,0.0
1204,S2,1.0,-0.0,,,0.0
1205,S2,1.0,-0.0,,,0.0
1206,S2,1.0,-0.0,,,0.0
1207,S2,1.0,0.3995153081467053,,,0.0
1208,S2,1.0,0.34131324178704003,,,0.0
1209,S2,1.0,0.34131324178704003,,,0.0
1210,S2,1.0,0.34131324178704003,,,0.0
1211,S2,1.0,-0.0,,,0.0
1212,S2,1.0,0.6117726240336632,,,0.0
1213,S2,1.0,0.34131324178704003,,,0.0
1214,S2,1.0,-0.0,,,0.0
1215,S2,1.0,0.05943229865313004,,,0.0
1216,S2,1.0,-0.0,,,0.0
1217,S2,1.0,-0.0,,,0.0
1218,S2,1.0,0.34131324178704003,,,0.0
1219,S2,1.0,0.34131324178704003,,,0.0
1220,S2,1.0,-0.0,,,0.0
1221,S2,1.0,-0.0,,,0.0
1222,S2,1.0,-0.0,,,0.0
1223,S2,1.0,-0.0,,,0.0
1224,S2,1.0,-0.0,,,0.0
1225,S2,1.0,-0.0,,,0.0
1226,S2,1.0,0.34131324178704003,,,0.0
1227,S2,1.0,0.05943229865313004,,,0.0
1228,S2,1.0,-0.0,,,0.0
1229,S2,1.0,0.5435154071632028,,,0.0
1230,S2,1.0,-0.0,,,0.0
1231,S2,1.0,-0.0,,,0.0
1232,S2,1.0,-0.0,,,0.0
1233,S2,1.0,0.05943229865313004,,,0.0
1234,S2,1.0,0.05943229865313004,,,0.0
1235,S2,1.0,-0.0,,,0.0
1236,S2,1.0,-0.0,,,0.0
1237,S2,1.0,0.34131324178704003,,,0.0
1238,S2,1.0,-0.0,,,0.0
1239,S2,1.0,-0.0,,,0.0
1240,S2,1.0,-0.0,,,0.0
1241,S2,1.0,-0.0,,,0.0
1242,S2,1.0,0.05943229865313004,,,0.0
1243,S2,1.0,0.05943229865313004,,,0.0
1244,S2,1.0,-0.0,,,0.0
1245,S2,1.0,-0.0,,,0.0
1246,S2,1.0,-0.0,,,0.0
1247,S2,1.0,-0.0,,,0.0
1248,S2,1.0,0.05943229865313004,,,0.0
1249,S2,1.0,-0.0,,,0.0
1250,S2,1.0,-0.0,,,0.0
1251,S2,1.0,-0.0,,,0.0
1252,S2,1.0,-0.0,,,0.0
1253,S2,1.0,-0.0,,,0.0
1254,S2,1.0,-0.0,,,0.0
1255,S2,1.0,-0.0,,,0.0
