h3_pos,coverage,s1_entropy,s2_hse_up,s3_neg_rbs_dist,s4_epitope
1,0.976,0.027357916315040046,11.0,-110.48162841796875,0.0
2,0.976,0.6079914865611136,9.0,-111.25346374511719,0.0
3,1.0,0.32481361995460495,0.0,-114.51537322998047,0.0
4,1.0,0.18945959926479788,1.0,-114.38237762451172,0.0
5,1.0,0.4119245106341954,15.0,-110.6868896484375,0.0
6,1.0,0.28018188478150396,2.0,-111.24887084960938,0.0
7,1.0,0.27313428452449606,8.0,-108.2813949584961,0.0
8,0.995,0.19069513017155335,7.0,-107.07816314697266,0.0
9,0.997,0.24065278235137927,9.0,-103.72582244873047,0.0
10,1.0,0.18176086570200936,14.0,-100.30300903320312,0.0
11,1.0,0.11373318823423204,22.0,-96.66705322265625,0.0
12,1.0,0.048170219149976226,12.0,-93.4227294921875,0.0
13,1.0,0.12263372849492174,23.0,-90.14884948730469,0.0
14,1.0,-0.0,17.0,-87.0000991821289,0.0
15,1.0,0.12263372849492174,25.0,-83.7011489868164,0.0
16,1.0,0.008928641699634332,21.0,-80.54217529296875,0.0
17,1.0,0.11373318823423204,29.0,-76.8056869506836,0.0
18,1.0,0.01626251890575147,19.0,-74.6127700805664,0.0
19,1.0,0.01626251890575147,18.0,-72.76471710205078,0.0
20,1.0,0.12132437929964537,12.0,-70.33836364746094,0.0
21,1.0,0.131532913300949,5.0,-70.29288482666016,0.0
22,1.0,0.11373318823423204,2.0,-66.54354095458984,0.0
23,1.0,0.11373318823423204,18.0,-65.3128890991211,0.0
24,1.0,0.10792834409054507,14.0,-62.1018180847168,0.0
25,1.0,0.767227178876142,4.0,-61.66720199584961,0.0
26,1.0,-0.0,30.0,-60.250003814697266,1.0
27,1.0,0.16074229873801374,13.0,-59.81645965576172,1.0
28,1.0,-0.0,19.0,-62.17182159423828,0.0
29,1.0,0.10792834409054507,19.0,-62.89379119873047,0.0
30,1.0,0.10511268059103887,15.0,-65.5963134765625,0.0
31,1.0,0.516589490806999,10.0,-64.58634948730469,0.0
32,1.0,0.12132437929964537,10.0,-61.28165817260742,0.0
33,1.0,0.29159033006414614,3.0,-62.526065826416016,0.0
34,1.0,0.15321217201673468,18.0,-65.19544219970703,0.0
35,1.0,0.12132437929964537,9.0,-65.7760238647461,0.0
36,1.0,-0.0,18.0,-65.73291778564453,0.0
37,1.0,-0.0,15.0,-66.50250244140625,0.0
38,1.0,0.11373318823423204,8.0,-62.99497985839844,0.0
39,1.0,0.10511268059103887,22.0,-59.62009811401367,0.0
40,1.0,0.12132437929964537,10.0,-56.2227668762207,0.0
41,1.0,0.09170854607245105,8.0,-52.773284912109375,0.0
42,1.0,0.01626251890575147,21.0,-50.70288848876953,0.0
43,1.0,0.12263372849492174,16.0,-47.4210090637207,0.0
44,1.0,0.12803004311793917,19.0,-44.9952392578125,1.0
45,1.0,0.3802123143546339,9.0,-43.56467819213867,1.0
46,1.0,0.15284558853202163,2.0,-41.93437194824219,1.0
47,1.0,0.2709701899635487,16.0,-39.08186721801758,1.0
48,1.0,0.23177109980966204,17.0,-39.212398529052734,1.0
49,1.0,0.05231057634347741,0.0,-35.89826583862305,1.0
50,1.0,1.3059124816418834,10.0,-34.31690979003906,1.0
51,1.0,0.14914576982113606,23.0,-32.72812271118164,1.0
52,1.0,-0.0,15.0,-35.03535079956055,1.0
53,1.0,0.5749946489315836,6.0,-33.322818756103516,1.0
54,1.0,0.5844078542066772,4.0,-36.11155319213867,1.0
55,1.0,0.13084976341725635,4.0,-37.01067352294922,0.0
56,1.0,0.1537589979982502,22.0,-33.58515548706055,0.0
57,1.0,0.8369781103472483,9.0,-30.667707443237305,1.0
58,1.0,0.1518485517915498,24.0,-28.402915954589844,1.0
59,1.0,-0.0,22.0,-24.835479736328125,1.0
60,1.0,0.10792834409054507,11.0,-23.499046325683594,1.0
61,1.0,0.11373318823423204,23.0,-19.767553329467773,1.0
62,1.0,1.2127446232926398,6.0,-19.959245681762695,1.0
63,1.0,0.3360282092077149,6.0,-16.64285659790039,1.0
64,1.0,0.008928641699634332,20.0,-14.73772144317627,0.0
65,1.0,0.09170854607245105,10.0,-15.096997261047363,0.0
66,1.0,0.13755542723555014,24.0,-16.282495498657227,0.0
67,1.0,0.21421177308262168,18.0,-13.418976783752441,0.0
68,1.0,0.11373318823423204,20.0,-10.90285587310791,0.0
69,1.0,0.14423361388063924,23.0,-13.881929397583008,0.0
70,1.0,0.11373318823423204,20.0,-14.210100173950195,0.0
71,1.0,0.025188513683284952,27.0,-10.83180046081543,0.0
72,1.0,0.008928641699634332,16.0,-10.992636680603027,0.0
73,1.0,0.11373318823423204,19.0,-8.625174522399902,0.0
74,1.0,-0.0,16.0,-10.446465492248535,0.0
75,1.0,0.7612255883547806,12.0,-12.319233894348145,1.0
76,1.0,-0.0,29.0,-13.620587348937988,1.0
77,1.0,0.10511268059103887,8.0,-15.007760047912598,1.0
78,1.0,0.5967343578081675,9.0,-18.344818115234375,1.0
79,1.0,0.13831994615704196,24.0,-18.49518394470215,1.0
80,1.0,0.1882190388491552,10.0,-18.559003829956055,1.0
81,1.0,0.2686117655450467,3.0,-21.451749801635742,1.0
82,1.0,0.5785086353580091,18.0,-22.619155883789062,1.0
83,1.0,1.0915155355118207,10.0,-24.988842010498047,1.0
84,1.0,-0.0,21.0,-26.396217346191406,0.0
85,1.0,0.11373318823423204,12.0,-29.07093048095703,0.0
86,1.0,0.12263372849492174,23.0,-27.251739501953125,0.0
87,1.0,0.18617528292525154,24.0,-23.62957000732422,0.0
88,1.0,0.09624433709764321,21.0,-23.72308349609375,0.0
89,1.0,-0.0,15.0,-20.599796295166016,0.0
90,1.0,0.10431202574650086,13.0,-20.94078254699707,0.0
91,1.0,0.1617343058843992,5.0,-20.550344467163086,1.0
92,1.0,0.5192688664732067,5.0,-18.781341552734375,1.0
93,1.0,0.10061583973341237,18.0,-15.774259567260742,0.0
94,1.0,0.6657715692733576,4.0,-12.471976280212402,0.0
95,1.0,0.11373318823423204,16.0,-8.824953079223633,0.0
96,1.0,0.21146403882711645,11.0,-7.18701171875,1.0
97,1.0,-0.0,19.0,-3.879117727279663,1.0
98,1.0,-0.0,23.0,-0.0,1.0
99,1.0,-0.0,18.0,-3.877356767654419,0.0
100,1.0,0.11373318823423204,22.0,-6.2183003425598145,0.0
101,1.0,0.154179807063036,13.0,-9.986461639404297,0.0
102,1.0,0.11463806470864983,13.0,-12.126903533935547,0.0
103,1.0,0.1983626748811255,9.0,-13.36656665802002,0.0
104,1.0,0.10277841221925178,10.0,-16.675519943237305,0.0
105,1.0,0.0644168106137472,10.0,-16.40882682800293,0.0
106,1.0,0.23976738179100238,12.0,-19.816591262817383,0.0
107,1.0,0.12263372849492174,12.0,-20.918582916259766,0.0
108,1.0,-0.0,17.0,-18.511287689208984,0.0
109,1.0,0.029332857327309364,16.0,-18.6512393951416,0.0
110,1.0,0.1298577562708709,16.0,-22.472457885742188,0.0
111,1.0,0.11222796080238802,19.0,-22.808963775634766,0.0
112,1.0,0.21708237316119575,21.0,-20.972116470336914,0.0
113,1.0,0.12803004311793917,23.0,-22.630807876586914,0.0
114,1.0,0.008928641699634332,15.0,-26.06426429748535,0.0
115,1.0,0.1486494884839733,20.0,-25.577560424804688,0.0
116,1.0,0.12363254764119362,15.0,-25.25959014892578,0.0
117,1.0,0.11373318823423204,11.0,-23.671785354614258,0.0
118,1.0,0.13975030367794605,20.0,-20.41159439086914,0.0
119,1.0,0.04430233600624486,9.0,-21.09660530090332,0.0
120,1.0,0.11373318823423204,18.0,-17.869352340698242,0.0
121,1.0,1.1177320378346762,9.0,-18.002038955688477,1.0
122,1.0,0.6001436082462693,5.0,-15.258872985839844,1.0
123,0.994,0.0921310459675205,16.0,-15.500906944274902,1.0
124,1.0,1.1543853466714824,0.0,-15.237238883972168,1.0
125,1.0,0.12132437929964537,18.0,-12.833160400390625,1.0
126,1.0,0.5497490530371356,1.0,-13.181324005126953,1.0
127,1.0,0.008928641699634332,21.0,-10.799518585205078,1.0
128,0.998,0.16708452258159004,2.0,-13.431244850158691,1.0
129,1.0,0.11692552996476883,10.0,-11.493624687194824,1.0
130,1.0,0.09170854607245105,23.0,-9.138453483581543,1.0
131,1.0,0.7425311081891377,10.0,-8.265246391296387,1.0
132,1.0,0.14227204156999648,9.0,-6.1434197425842285,1.0
133,1.0,0.822563201801879,2.0,-5.519158363342285,1.0
134,1.0,-0.0,16.0,-4.813040733337402,1.0
135,1.0,1.0543705418405993,13.0,-7.097858428955078,1.0
136,1.0,0.022993637240889046,16.0,-6.990977764129639,1.0
137,1.0,1.185919381367136,2.0,-8.279273986816406,1.0
138,1.0,0.3774654932766517,15.0,-5.473167419433594,1.0
139,1.0,-0.0,16.0,-5.480729103088379,1.0
140,1.0,0.6535119335549388,4.0,-9.2294340133667,1.0
141,0.998,0.13109489535936997,12.0,-11.520483016967773,1.0
142,0.998,0.8184576493591178,1.0,-14.781501770019531,1.0
143,0.998,0.5424628109175583,0.0,-15.764168739318848,1.0
144,0.998,1.59937924988618,4.0,-13.711029052734375,1.0
145,1.0,1.022249234372375,7.0,-10.268224716186523,1.0
146,1.0,0.3905172398730117,15.0,-8.817137718200684,1.0
147,1.0,-0.0,13.0,-6.799277305603027,1.0
148,1.0,0.11373318823423204,23.0,-7.929593563079834,0.0
149,1.0,0.13021717696838134,15.0,-10.501752853393555,0.0
150,1.0,0.13912410436636233,23.0,-10.209702491760254,0.0
151,1.0,0.01626251890575147,26.0,-6.641935348510742,0.0
152,1.0,0.12132437929964537,11.0,-3.822268486022949,0.0
153,1.0,-0.0,12.0,-0.0,0.0
154,1.0,0.022993637240889046,23.0,-3.779273271560669,0.0
155,1.0,1.0077587076676584,10.0,-5.3945159912109375,1.0
156,1.0,1.309504888847306,11.0,-5.504508972167969,1.0
157,1.0,0.6742435557863121,7.0,-9.106200218200684,1.0
158,1.0,1.1709053434093655,3.0,-10.110884666442871,1.0
159,1.0,1.1937499512933065,0.0,-9.05770492553711,1.0
160,1.0,0.7164161927173459,5.0,-7.5769362449646,1.0
161,1.0,0.008928641699634332,20.0,-5.923776149749756,0.0
162,1.0,0.03191830626808549,10.0,-9.2708740234375,0.0
163,1.0,0.6586207664219657,8.0,-10.800256729125977,0.0
164,1.0,0.14503009754361496,29.0,-11.949429512023926,0.0
165,1.0,0.14386916310080125,9.0,-15.542876243591309,0.0
166,1.0,0.13755542723555014,15.0,-15.251501083374023,0.0
167,1.0,0.1286731372238831,9.0,-17.5937557220459,0.0
168,1.0,0.12263372849492174,18.0,-18.174880981445312,0.0
169,1.0,0.16273879465145474,3.0,-21.781679153442383,0.0
170,1.0,-0.0,18.0,-23.086559295654297,0.0
171,1.0,0.11839677558934059,2.0,-25.913667678833008,0.0
172,1.0,1.1387569857892517,8.0,-26.695898056030273,0.0
173,1.0,1.0121340160050731,0.0,-29.08751106262207,0.0
174,1.0,0.2282719301751025,8.0,-26.987722396850586,0.0
175,1.0,0.16459362433880495,12.0,-24.49240493774414,0.0
176,1.0,0.12698188027352497,23.0,-20.799327850341797,0.0
177,1.0,-0.0,17.0,-18.572834014892578,0.0
178,1.0,0.10792834409054507,21.0,-14.951541900634766,0.0
179,1.0,0.21294249037201465,20.0,-12.757696151733398,0.0
180,1.0,-0.0,25.0,-9.908950805664062,0.0
181,1.0,-0.0,20.0,-6.868802547454834,0.0
182,1.0,0.09170854607245105,23.0,-3.8361685276031494,0.0
183,1.0,0.01626251890575147,23.0,-0.0,0.0
184,1.0,0.022993637240889046,21.0,-3.783627510070801,0.0
185,1.0,-0.0,17.0,-4.892074108123779,0.0
186,1.0,0.8729895691425731,9.0,-4.9703545570373535,1.0
187,1.0,0.11463806470864983,4.0,-5.053609848022461,1.0
188,1.0,0.45768717309960005,3.0,-5.416861534118652,1.0
189,1.0,1.3905477293645438,1.0,-3.827232837677002,1.0
190,1.0,0.5803354270146245,13.0,-0.0,1.0
191,1.0,-0.0,16.0,-3.813265323638916,1.0
192,1.0,0.8090443977064159,4.0,-5.22092866897583,1.0
193,1.0,1.100480873566479,6.0,-3.797119140625,1.0
194,1.0,0.09047366450355408,20.0,-0.0,1.0
195,1.0,0.01626251890575147,23.0,-0.0,1.0
196,1.0,0.8345832510726948,12.0,-3.8570480346679688,1.0
197,1.0,0.6938586292635167,12.0,-5.575551986694336,1.0
198,0.998,0.22856073811725658,2.0,-7.569853782653809,1.0
199,1.0,0.21739865667140304,2.0,-8.53051471710205,0.0
200,1.0,0.13295450368670336,25.0,-7.3542866706848145,0.0
201,1.0,0.3881370723530669,16.0,-9.875090599060059,1.0
202,1.0,0.6773176343961164,17.0,-9.858234405517578,1.0
203,1.0,0.1756775255810164,23.0,-13.352275848388672,1.0
204,1.0,0.05835405102761994,18.0,-14.625853538513184,1.0
205,1.0,0.13084976341725635,22.0,-18.359102249145508,1.0
206,1.0,0.09170854607245105,14.0,-21.748300552368164,1.0
207,1.0,0.47697474527814604,10.0,-25.209911346435547,1.0
208,1.0,0.18416580843258964,10.0,-24.970294952392578,1.0
209,1.0,0.1667702505321782,12.0,-21.570709228515625,1.0
210,1.0,0.16509724383084273,22.0,-18.40079116821289,1.0
211,1.0,0.1398388309135199,13.0,-15.06451416015625,1.0
212,1.0,0.14246123594492072,15.0,-13.270451545715332,1.0
213,1.0,0.5559403603982339,20.0,-10.21430492401123,1.0
214,1.0,0.2051668112668462,9.0,-9.208253860473633,1.0
215,1.0,0.008928641699634332,27.0,-6.382415771484375,1.0
216,1.0,0.2800135943575124,22.0,-8.328255653381348,1.0
217,1.0,0.19536943375010413,13.0,-8.150967597961426,1.0
218,1.0,0.2145539198835024,22.0,-7.7425713539123535,1.0
219,1.0,0.5310035301367911,12.0,-6.741201400756836,1.0
220,1.0,0.07527630828152115,24.0,-6.43827486038208,1.0
221,1.0,0.03191830626808549,16.0,-7.737839698791504,1.0
222,1.0,0.7719641213491089,2.0,-5.08816385269165,1.0
223,1.0,0.12624748601027858,19.0,-5.251490116119385,1.0
224,1.0,0.035380323075932765,12.0,-5.577230930328369,1.0
225,1.0,0.9867068690930695,7.0,-3.8066906929016113,1.0
226,1.0,1.2649410793624778,15.0,-0.0,1.0
227,1.0,0.6855284144048887,13.0,-3.7648489475250244,1.0
228,1.0,0.19186995204484736,17.0,-0.0,0.0
229,1.0,0.07049598289834913,19.0,-3.826399326324463,0.0
230,1.0,0.09132245468823448,18.0,-4.3204169273376465,0.0
231,1.0,0.13550442848182714,15.0,-6.739661693572998,0.0
232,1.0,0.12263372849492174,18.0,-9.23178482055664,0.0
233,1.0,0.022993637240889046,19.0,-11.52372932434082,0.0
234,1.0,-0.0,20.0,-14.775943756103516,0.0
235,1.0,0.035380323075932765,22.0,-17.27989387512207,0.0
236,1.0,0.1429008253047125,12.0,-20.57791519165039,0.0
237,1.0,0.11373318823423204,23.0,-21.624736785888672,0.0
238,1.0,0.10061583973341237,8.0,-25.302352905273438,0.0
239,1.0,0.022993637240889046,6.0,-27.04041862487793,0.0
240,1.0,0.008928641699634332,1.0,-27.666379928588867,0.0
241,1.0,0.03924820621966413,16.0,-25.14369773864746,0.0
242,1.0,0.43566448921778606,9.0,-22.068622589111328,0.0
243,1.0,0.10061583973341237,20.0,-18.48101043701172,1.0
244,1.0,0.5655104178328627,18.0,-17.43946075439453,1.0
245,1.0,0.13588242053421468,19.0,-13.965210914611816,0.0
246,1.0,0.2370696325027216,17.0,-14.210469245910645,0.0
247,1.0,0.15270424382554082,26.0,-10.618585586547852,0.0
248,1.0,0.5302241356055345,17.0,-8.020563125610352,0.0
249,1.0,0.008928641699634332,17.0,-5.1572442054748535,0.0
250,1.0,-0.0,25.0,-4.983808994293213,0.0
251,1.0,-0.0,24.0,-6.540523529052734,0.0
252,1.0,-0.0,24.0,-4.6413984298706055,0.0
253,1.0,-0.0,24.0,-6.229513168334961,0.0
254,1.0,-0.0,25.0,-9.002473831176758,0.0
255,1.0,0.0678238415506323,13.0,-10.059741973876953,0.0
256,1.0,0.11835425228148727,10.0,-13.636797904968262,0.0
257,1.0,0.150544634031878,16.0,-16.13392448425293,0.0
258,1.0,0.06305983956037275,24.0,-18.177682876586914,0.0
259,1.0,0.12354131109282632,13.0,-21.753995895385742,0.0
260,0.998,0.5569917790809314,16.0,-24.053964614868164,0.0
261,1.0,0.2519440068124703,10.0,-27.629005432128906,0.0
262,1.0,1.0375242100028843,3.0,-30.697595596313477,0.0
263,1.0,0.022993637240889046,14.0,-31.837736129760742,0.0
264,1.0,0.16347046406319102,9.0,-32.138153076171875,0.0
265,1.0,0.035380323075932765,20.0,-28.589534759521484,0.0
266,1.0,0.13084976341725635,16.0,-26.780994415283203,0.0
267,1.0,0.052270710906627,19.0,-24.271347045898438,0.0
268,1.0,0.168431812894331,23.0,-25.322402954101562,0.0
269,1.0,0.17683568977632105,9.0,-23.90324592590332,0.0
270,1.0,0.01626251890575147,23.0,-26.024978637695312,0.0
271,1.0,0.2134722308902861,3.0,-26.188520431518555,0.0
272,1.0,0.05162957678852742,20.0,-29.492706298828125,0.0
273,1.0,0.1304704175067378,6.0,-30.11295509338379,1.0
274,1.0,0.10792834409054507,14.0,-30.715824127197266,1.0
275,1.0,0.5587056667210171,12.0,-34.121273040771484,1.0
276,1.0,1.1190479197929726,0.0,-36.6064338684082,1.0
277,1.0,-0.0,16.0,-39.07219696044922,1.0
278,1.0,0.9956729411643275,1.0,-39.78412628173828,1.0
279,1.0,0.13472796434427925,21.0,-39.23067855834961,0.0
280,1.0,0.19082352705016994,11.0,-38.81487274169922,0.0
281,1.0,-0.0,25.0,-37.51638412475586,0.0
282,1.0,0.11373318823423204,27.0,-34.10860824584961,0.0
283,1.0,-0.0,25.0,-33.324363708496094,0.0
284,1.0,0.055497459932258776,14.0,-30.302549362182617,0.0
285,1.0,0.13084976341725635,10.0,-33.06159210205078,0.0
286,1.0,-0.0,12.0,-33.893394470214844,0.0
287,1.0,0.12132437929964537,21.0,-36.376155853271484,0.0
288,1.0,0.025188513683284952,26.0,-39.667266845703125,0.0
289,1.0,0.16924271938101057,9.0,-42.91267013549805,0.0
290,1.0,0.12698188027352497,20.0,-43.8360710144043,0.0
291,1.0,0.16226489459188487,6.0,-47.51647186279297,0.0
292,1.0,0.13472796434427925,20.0,-48.038299560546875,0.0
293,1.0,0.022993637240889046,19.0,-47.64845275878906,0.0
294,1.0,0.008928641699634332,21.0,-45.589847564697266,0.0
295,1.0,0.01626251890575147,22.0,-42.89207077026367,0.0
296,1.0,-0.0,13.0,-41.6607666015625,0.0
297,1.0,0.029332857327309364,21.0,-38.75400924682617,0.0
298,1.0,0.13588242053421468,15.0,-35.824214935302734,0.0
299,1.0,0.6172643739204091,14.0,-35.48157501220703,0.0
300,1.0,0.1299394715065583,13.0,-32.43921661376953,0.0
301,1.0,0.03924820621966413,21.0,-33.71371078491211,0.0
302,1.0,0.13022491956033508,25.0,-33.08314514160156,0.0
303,1.0,-0.0,23.0,-36.108116149902344,0.0
304,1.0,0.19082352705016992,10.0,-39.889617919921875,0.0
305,1.0,-0.0,20.0,-40.10041427612305,0.0
306,1.0,-0.0,22.0,-42.73112487792969,0.0
307,1.0,0.49558477833439,20.0,-42.532615661621094,0.0
308,1.0,-0.0,13.0,-40.92850112915039,0.0
309,1.0,0.0627602166108864,21.0,-43.57596206665039,0.0
310,1.0,0.1299394715065583,13.0,-43.809906005859375,0.0
311,1.0,0.12132437929964537,16.0,-46.87843322753906,0.0
312,1.0,0.27921103491328725,4.0,-46.62882614135742,0.0
313,1.0,0.13837450018941816,6.0,-50.0538444519043,0.0
314,1.0,-0.0,22.0,-52.28934860229492,0.0
315,1.0,0.09170854607245105,15.0,-55.35669708251953,0.0
316,1.0,0.09170854607245105,19.0,-57.27989959716797,0.0
317,1.0,0.08709952319177525,27.0,-60.994300842285156,0.0
318,1.0,0.03251974091609072,13.0,-62.22979736328125,0.0
319,1.0,0.008928641699634332,20.0,-65.78961181640625,0.0
320,1.0,0.11373318823423204,24.0,-68.7208251953125,0.0
321,1.0,-0.0,20.0,-69.37508392333984,0.0
322,1.0,-0.0,19.0,-70.13594818115234,0.0
323,1.0,0.16867404796748708,15.0,-73.59725189208984,0.0
324,1.0,-0.0,10.0,-74.4719009399414,0.0
325,1.0,0.13975030367794605,13.0,-77.8630142211914,0.0
326,1.0,0.2923219610670024,3.0,-77.38621520996094,0.0
327,1.0,0.0341131827104814,4.0,-73.83576965332031,0.0
328,1.0,0.10961572537498303,1.0,-73.91635131835938,0.0
329,1.0,0.008928641699634332,,,0.0
